"REGIONNAME","SERVICEID","SERVICELONGNAME","SERVICETYPENAME","SUPPLIERID","SUPPLIERNAME","MEALPLANNAME","OPTIONID","OPTIONNAME","IS_DEFAULT","EXTRAID","EXTRANAME","OCCUPANCYTYPEID","OCCUPANCYTYPENAME","CHARGINGPOLICYID","CHARGINGPOLICYNAME","SEASONTYPEID","SEASONTYPENAME","SEASONSTARTDATE","SEASONENDDATE","ORGANISATIONSUPPLIERCONTRACTID","ORGANISATIONSUPPLIERCONTRACTNAME","CONTRACTDURATIONID","CONTRACTDURATIONNAME","CONTRACTDURATIONSTARTDATE","CONTRACTDURATIONENDDATE","CURRENCYISOCODE","WEEKDAYPRICES_EXISTS","PRICEDAYMONDAY","PRICEDAYTUESDAY","PRICEDAYWEDNESDAY","PRICEDAYTHURSDAY","PRICEDAYFRIDAY","PRICEDAYSATURDAY","PRICEDAYSUNDAY","PRICEBANDMIN","PRICEBANDMAX","BUYPRICE","MARGIN","SELLING",
"Battambang","658","Drive from Battambang to Siem Reap (180 km, 4 hrs)","Drive","1","Trails of Indochina","","2117","Drive","NO","","","","","28","Per Person 1 Way","6","Season 01","Nov  1 2014 12:00:00:000AM","Oct 31 2015 12:00:00:000AM","22878","Cambodia Land Tariff (1st Nov 14 - 31st Oct 15)","23006","Cambodia Land Tariff (1st Nov 14-31st Oct 15)","Nov  1 2014 12:00:00:000AM","Oct 31 2015 12:00:00:000AM","USD","NO","1","1","1","1","1","1","1","1","1","217","26.1904","294",
"Battambang","658","Drive from Battambang to Siem Reap (180 km, 4 hrs)","Drive","1","Trails of Indochina","","2117","Drive","NO","","","","","28","Per Person 1 Way","6","Season 01","Nov  1 2014 12:00:00:000AM","Oct 31 2015 12:00:00:000AM","22878","Cambodia Land Tariff (1st Nov 14 - 31st Oct 15)","23006","Cambodia Land Tariff (1st Nov 14-31st Oct 15)","Nov  1 2014 12:00:00:000AM","Oct 31 2015 12:00:00:000AM","USD","NO","1","1","1","1","1","1","1","2","2","109","26.3513","148",
"Battambang","658","Drive from Battambang to Siem Reap (180 km, 4 hrs)","Drive","1","Trails of Indochina","","2117","Drive","NO","","","","","28","Per Person 1 Way","6","Season 01","Nov  1 2014 12:00:00:000AM","Oct 31 2015 12:00:00:000AM","22878","Cambodia Land Tariff (1st Nov 14 - 31st Oct 15)","23006","Cambodia Land Tariff (1st Nov 14-31st Oct 15)","Nov  1 2014 12:00:00:000AM","Oct 31 2015 12:00:00:000AM","USD","NO","1","1","1","1","1","1","1","3","3","82","26.1261","111",
"Battambang","658","Drive from Battambang to Siem Reap (180 km, 4 hrs)","Drive","1","Trails of Indochina","","2117","Drive","NO","","","","","28","Per Person 1 Way","6","Season 01","Nov  1 2014 12:00:00:000AM","Oct 31 2015 12:00:00:000AM","22878","Cambodia Land Tariff (1st Nov 14 - 31st Oct 15)","23006","Cambodia Land Tariff (1st Nov 14-31st Oct 15)","Nov  1 2014 12:00:00:000AM","Oct 31 2015 12:00:00:000AM","USD","NO","1","1","1","1","1","1","1","4","4","62","26.1904","84",
"Battambang","658","Drive from Battambang to Siem Reap (180 km, 4 hrs)","Drive","1","Trails of Indochina","","2117","Drive","NO","","","","","28","Per Person 1 Way","6","Season 01","Nov  1 2014 12:00:00:000AM","Oct 31 2015 12:00:00:000AM","22878","Cambodia Land Tariff (1st Nov 14 - 31st Oct 15)","23006","Cambodia Land Tariff (1st Nov 14-31st Oct 15)","Nov  1 2014 12:00:00:000AM","Oct 31 2015 12:00:00:000AM","USD","NO","1","1","1","1","1","1","1","5","5","50","26.4705","68",
"Battambang","658","Drive from Battambang to Siem Reap (180 km, 4 hrs)","Drive","1","Trails of Indochina","","2117","Drive","NO","","","","","28","Per Person 1 Way","6","Season 01","Nov  1 2014 12:00:00:000AM","Oct 31 2015 12:00:00:000AM","22878","Cambodia Land Tariff (1st Nov 14 - 31st Oct 15)","23006","Cambodia Land Tariff (1st Nov 14-31st Oct 15)","Nov  1 2014 12:00:00:000AM","Oct 31 2015 12:00:00:000AM","USD","NO","1","1","1","1","1","1","1","6","7","42","26.3157","57",
"Battambang","658","Drive from Battambang to Siem Reap (180 km, 4 hrs)","Drive","1","Trails of Indochina","","2117","Drive","NO","","","","","28","Per Person 1 Way","6","Season 01","Nov  1 2014 12:00:00:000AM","Oct 31 2015 12:00:00:000AM","22878","Cambodia Land Tariff (1st Nov 14 - 31st Oct 15)","23006","Cambodia Land Tariff (1st Nov 14-31st Oct 15)","Nov  1 2014 12:00:00:000AM","Oct 31 2015 12:00:00:000AM","USD","NO","1","1","1","1","1","1","1","8","8","37","26","50",
"Battambang","658","Drive from Battambang to Siem Reap (180 km, 4 hrs)","Drive","1","Trails of Indochina","","2117","Drive","NO","","","","","28","Per Person 1 Way","6","Season 01","Nov  1 2014 12:00:00:000AM","Oct 31 2015 12:00:00:000AM","22878","Cambodia Land Tariff (1st Nov 14 - 31st Oct 15)","23006","Cambodia Land Tariff (1st Nov 14-31st Oct 15)","Nov  1 2014 12:00:00:000AM","Oct 31 2015 12:00:00:000AM","USD","NO","1","1","1","1","1","1","1","9","9","33","26.6666","45",
"Battambang","658","Drive from Battambang to Siem Reap (180 km, 4 hrs)","Drive","1","Trails of Indochina","","2117","Drive","NO","","","","","28","Per Person 1 Way","6","Season 01","Nov  1 2014 12:00:00:000AM","Oct 31 2015 12:00:00:000AM","22878","Cambodia Land Tariff (1st Nov 14 - 31st Oct 15)","23006","Cambodia Land Tariff (1st Nov 14-31st Oct 15)","Nov  1 2014 12:00:00:000AM","Oct 31 2015 12:00:00:000AM","USD","NO","1","1","1","1","1","1","1","10","10","30","26.8292","41",
"Battambang","658","Drive from Battambang to Siem Reap (180 km, 4 hrs)","Drive","1","Trails of Indochina","","2117","Drive","NO","","","","","28","Per Person 1 Way","6","Season 01","Nov  1 2014 12:00:00:000AM","Oct 31 2015 12:00:00:000AM","22878","Cambodia Land Tariff (1st Nov 14 - 31st Oct 15)","23006","Cambodia Land Tariff (1st Nov 14-31st Oct 15)","Nov  1 2014 12:00:00:000AM","Oct 31 2015 12:00:00:000AM","USD","NO","1","1","1","1","1","1","1","11","15","27","27.027","37",
"Battambang","658","Drive from Battambang to Siem Reap (180 km, 4 hrs)","Drive","1","Trails of Indochina","","2117","Drive","NO","","","","","28","Per Person 1 Way","6","Season 01","Nov  1 2015 12:00:00:000AM","Oct 31 2016 12:00:00:000AM","33576","*Cambodia Land Tariff (1st Nov 15 - 31st Oct 16)","33808","Cambodia Land Tariff (1st Nov 15 - 31st Oct 16)","Nov  1 2015 12:00:00:000AM","Oct 31 2016 12:00:00:000AM","USD","NO","1","1","1","1","1","1","1","1","1","250","26.0355","338",
"Battambang","658","Drive from Battambang to Siem Reap (180 km, 4 hrs)","Drive","1","Trails of Indochina","","2117","Drive","NO","","","","","28","Per Person 1 Way","6","Season 01","Nov  1 2015 12:00:00:000AM","Oct 31 2016 12:00:00:000AM","33576","*Cambodia Land Tariff (1st Nov 15 - 31st Oct 16)","33808","Cambodia Land Tariff (1st Nov 15 - 31st Oct 16)","Nov  1 2015 12:00:00:000AM","Oct 31 2016 12:00:00:000AM","USD","NO","1","1","1","1","1","1","1","2","2","130","26.1363","176",
"Battambang","658","Drive from Battambang to Siem Reap (180 km, 4 hrs)","Drive","1","Trails of Indochina","","2117","Drive","NO","","","","","28","Per Person 1 Way","6","Season 01","Nov  1 2015 12:00:00:000AM","Oct 31 2016 12:00:00:000AM","33576","*Cambodia Land Tariff (1st Nov 15 - 31st Oct 16)","33808","Cambodia Land Tariff (1st Nov 15 - 31st Oct 16)","Nov  1 2015 12:00:00:000AM","Oct 31 2016 12:00:00:000AM","USD","NO","1","1","1","1","1","1","1","3","3","93","26.1904","126",
"Battambang","658","Drive from Battambang to Siem Reap (180 km, 4 hrs)","Drive","1","Trails of Indochina","","2117","Drive","NO","","","","","28","Per Person 1 Way","6","Season 01","Nov  1 2015 12:00:00:000AM","Oct 31 2016 12:00:00:000AM","33576","*Cambodia Land Tariff (1st Nov 15 - 31st Oct 16)","33808","Cambodia Land Tariff (1st Nov 15 - 31st Oct 16)","Nov  1 2015 12:00:00:000AM","Oct 31 2016 12:00:00:000AM","USD","NO","1","1","1","1","1","1","1","4","4","71","26.0416","96",
"Battambang","658","Drive from Battambang to Siem Reap (180 km, 4 hrs)","Drive","1","Trails of Indochina","","2117","Drive","NO","","","","","28","Per Person 1 Way","6","Season 01","Nov  1 2015 12:00:00:000AM","Oct 31 2016 12:00:00:000AM","33576","*Cambodia Land Tariff (1st Nov 15 - 31st Oct 16)","33808","Cambodia Land Tariff (1st Nov 15 - 31st Oct 16)","Nov  1 2015 12:00:00:000AM","Oct 31 2016 12:00:00:000AM","USD","NO","1","1","1","1","1","1","1","5","5","57","26.923","78",
"Battambang","658","Drive from Battambang to Siem Reap (180 km, 4 hrs)","Drive","1","Trails of Indochina","","2117","Drive","NO","","","","","28","Per Person 1 Way","6","Season 01","Nov  1 2015 12:00:00:000AM","Oct 31 2016 12:00:00:000AM","33576","*Cambodia Land Tariff (1st Nov 15 - 31st Oct 16)","33808","Cambodia Land Tariff (1st Nov 15 - 31st Oct 16)","Nov  1 2015 12:00:00:000AM","Oct 31 2016 12:00:00:000AM","USD","NO","1","1","1","1","1","1","1","6","6","49","26.8656","67",
"Battambang","658","Drive from Battambang to Siem Reap (180 km, 4 hrs)","Drive","1","Trails of Indochina","","2117","Drive","NO","","","","","28","Per Person 1 Way","6","Season 01","Nov  1 2015 12:00:00:000AM","Oct 31 2016 12:00:00:000AM","33576","*Cambodia Land Tariff (1st Nov 15 - 31st Oct 16)","33808","Cambodia Land Tariff (1st Nov 15 - 31st Oct 16)","Nov  1 2015 12:00:00:000AM","Oct 31 2016 12:00:00:000AM","USD","NO","1","1","1","1","1","1","1","7","7","48","26.1538","65",
"Battambang","658","Drive from Battambang to Siem Reap (180 km, 4 hrs)","Drive","1","Trails of Indochina","","2117","Drive","NO","","","","","28","Per Person 1 Way","6","Season 01","Nov  1 2015 12:00:00:000AM","Oct 31 2016 12:00:00:000AM","33576","*Cambodia Land Tariff (1st Nov 15 - 31st Oct 16)","33808","Cambodia Land Tariff (1st Nov 15 - 31st Oct 16)","Nov  1 2015 12:00:00:000AM","Oct 31 2016 12:00:00:000AM","USD","NO","1","1","1","1","1","1","1","8","8","43","27.1186","59",
"Battambang","658","Drive from Battambang to Siem Reap (180 km, 4 hrs)","Drive","1","Trails of Indochina","","2117","Drive","NO","","","","","28","Per Person 1 Way","6","Season 01","Nov  1 2015 12:00:00:000AM","Oct 31 2016 12:00:00:000AM","33576","*Cambodia Land Tariff (1st Nov 15 - 31st Oct 16)","33808","Cambodia Land Tariff (1st Nov 15 - 31st Oct 16)","Nov  1 2015 12:00:00:000AM","Oct 31 2016 12:00:00:000AM","USD","NO","1","1","1","1","1","1","1","9","9","40","27.2727","55",
"Battambang","658","Drive from Battambang to Siem Reap (180 km, 4 hrs)","Drive","1","Trails of Indochina","","2117","Drive","NO","","","","","28","Per Person 1 Way","6","Season 01","Nov  1 2015 12:00:00:000AM","Oct 31 2016 12:00:00:000AM","33576","*Cambodia Land Tariff (1st Nov 15 - 31st Oct 16)","33808","Cambodia Land Tariff (1st Nov 15 - 31st Oct 16)","Nov  1 2015 12:00:00:000AM","Oct 31 2016 12:00:00:000AM","USD","NO","1","1","1","1","1","1","1","10","10","34","26.0869","46",
"Battambang","658","Drive from Battambang to Siem Reap (180 km, 4 hrs)","Drive","1","Trails of Indochina","","2117","Drive","NO","","","","","28","Per Person 1 Way","6","Season 01","Nov  1 2015 12:00:00:000AM","Oct 31 2016 12:00:00:000AM","33576","*Cambodia Land Tariff (1st Nov 15 - 31st Oct 16)","33808","Cambodia Land Tariff (1st Nov 15 - 31st Oct 16)","Nov  1 2015 12:00:00:000AM","Oct 31 2016 12:00:00:000AM","USD","NO","1","1","1","1","1","1","1","11","14","32","27.2727","44",
"Battambang","658","Drive from Battambang to Siem Reap (180 km, 4 hrs)","Drive","1","Trails of Indochina","","2117","Drive","NO","","","","","28","Per Person 1 Way","6","Season 01","Nov  1 2016 12:00:00:000AM","Dec 31 2020 12:00:00:000AM","33577","*Pro-Cambodia Land Tariff (1st Nov 16 - 31st Dec 20)","33809","Pro-Cambodia Land Tariff (1st Nov 16 - 31st Dec 20","Nov  1 2016 12:00:00:000AM","Dec 31 2020 12:00:00:000AM","USD","NO","1","1","1","1","1","1","1","1","1","268","26.1707","363",
"Battambang","658","Drive from Battambang to Siem Reap (180 km, 4 hrs)","Drive","1","Trails of Indochina","","2117","Drive","NO","","","","","28","Per Person 1 Way","6","Season 01","Nov  1 2016 12:00:00:000AM","Dec 31 2020 12:00:00:000AM","33577","*Pro-Cambodia Land Tariff (1st Nov 16 - 31st Dec 20)","33809","Pro-Cambodia Land Tariff (1st Nov 16 - 31st Dec 20","Nov  1 2016 12:00:00:000AM","Dec 31 2020 12:00:00:000AM","USD","NO","1","1","1","1","1","1","1","2","2","140","26.3157","190",
"Battambang","658","Drive from Battambang to Siem Reap (180 km, 4 hrs)","Drive","1","Trails of Indochina","","2117","Drive","NO","","","","","28","Per Person 1 Way","6","Season 01","Nov  1 2016 12:00:00:000AM","Dec 31 2020 12:00:00:000AM","33577","*Pro-Cambodia Land Tariff (1st Nov 16 - 31st Dec 20)","33809","Pro-Cambodia Land Tariff (1st Nov 16 - 31st Dec 20","Nov  1 2016 12:00:00:000AM","Dec 31 2020 12:00:00:000AM","USD","NO","1","1","1","1","1","1","1","3","3","100","26.4705","136",
"Battambang","658","Drive from Battambang to Siem Reap (180 km, 4 hrs)","Drive","1","Trails of Indochina","","2117","Drive","NO","","","","","28","Per Person 1 Way","6","Season 01","Nov  1 2016 12:00:00:000AM","Dec 31 2020 12:00:00:000AM","33577","*Pro-Cambodia Land Tariff (1st Nov 16 - 31st Dec 20)","33809","Pro-Cambodia Land Tariff (1st Nov 16 - 31st Dec 20","Nov  1 2016 12:00:00:000AM","Dec 31 2020 12:00:00:000AM","USD","NO","1","1","1","1","1","1","1","4","4","76","26.2135","103",
"Battambang","658","Drive from Battambang to Siem Reap (180 km, 4 hrs)","Drive","1","Trails of Indochina","","2117","Drive","NO","","","","","28","Per Person 1 Way","6","Season 01","Nov  1 2016 12:00:00:000AM","Dec 31 2020 12:00:00:000AM","33577","*Pro-Cambodia Land Tariff (1st Nov 16 - 31st Dec 20)","33809","Pro-Cambodia Land Tariff (1st Nov 16 - 31st Dec 20","Nov  1 2016 12:00:00:000AM","Dec 31 2020 12:00:00:000AM","USD","NO","1","1","1","1","1","1","1","5","5","61","26.506","83",
"Battambang","658","Drive from Battambang to Siem Reap (180 km, 4 hrs)","Drive","1","Trails of Indochina","","2117","Drive","NO","","","","","28","Per Person 1 Way","6","Season 01","Nov  1 2016 12:00:00:000AM","Dec 31 2020 12:00:00:000AM","33577","*Pro-Cambodia Land Tariff (1st Nov 16 - 31st Dec 20)","33809","Pro-Cambodia Land Tariff (1st Nov 16 - 31st Dec 20","Nov  1 2016 12:00:00:000AM","Dec 31 2020 12:00:00:000AM","USD","NO","1","1","1","1","1","1","1","6","6","53","26.3888","72",
"Battambang","658","Drive from Battambang to Siem Reap (180 km, 4 hrs)","Drive","1","Trails of Indochina","","2117","Drive","NO","","","","","28","Per Person 1 Way","6","Season 01","Nov  1 2016 12:00:00:000AM","Dec 31 2020 12:00:00:000AM","33577","*Pro-Cambodia Land Tariff (1st Nov 16 - 31st Dec 20)","33809","Pro-Cambodia Land Tariff (1st Nov 16 - 31st Dec 20","Nov  1 2016 12:00:00:000AM","Dec 31 2020 12:00:00:000AM","USD","NO","1","1","1","1","1","1","1","7","7","52","26.7605","71",
"Battambang","658","Drive from Battambang to Siem Reap (180 km, 4 hrs)","Drive","1","Trails of Indochina","","2117","Drive","NO","","","","","28","Per Person 1 Way","6","Season 01","Nov  1 2016 12:00:00:000AM","Dec 31 2020 12:00:00:000AM","33577","*Pro-Cambodia Land Tariff (1st Nov 16 - 31st Dec 20)","33809","Pro-Cambodia Land Tariff (1st Nov 16 - 31st Dec 20","Nov  1 2016 12:00:00:000AM","Dec 31 2020 12:00:00:000AM","USD","NO","1","1","1","1","1","1","1","8","8","47","26.5625","64",
"Battambang","658","Drive from Battambang to Siem Reap (180 km, 4 hrs)","Drive","1","Trails of Indochina","","2117","Drive","NO","","","","","28","Per Person 1 Way","6","Season 01","Nov  1 2016 12:00:00:000AM","Dec 31 2020 12:00:00:000AM","33577","*Pro-Cambodia Land Tariff (1st Nov 16 - 31st Dec 20)","33809","Pro-Cambodia Land Tariff (1st Nov 16 - 31st Dec 20","Nov  1 2016 12:00:00:000AM","Dec 31 2020 12:00:00:000AM","USD","NO","1","1","1","1","1","1","1","9","9","43","27.1186","59",
"Battambang","658","Drive from Battambang to Siem Reap (180 km, 4 hrs)","Drive","1","Trails of Indochina","","2117","Drive","NO","","","","","28","Per Person 1 Way","6","Season 01","Nov  1 2016 12:00:00:000AM","Dec 31 2020 12:00:00:000AM","33577","*Pro-Cambodia Land Tariff (1st Nov 16 - 31st Dec 20)","33809","Pro-Cambodia Land Tariff (1st Nov 16 - 31st Dec 20","Nov  1 2016 12:00:00:000AM","Dec 31 2020 12:00:00:000AM","USD","NO","1","1","1","1","1","1","1","10","10","37","26","50",
"Battambang","658","Drive from Battambang to Siem Reap (180 km, 4 hrs)","Drive","1","Trails of Indochina","","2117","Drive","NO","","","","","28","Per Person 1 Way","6","Season 01","Nov  1 2016 12:00:00:000AM","Dec 31 2020 12:00:00:000AM","33577","*Pro-Cambodia Land Tariff (1st Nov 16 - 31st Dec 20)","33809","Pro-Cambodia Land Tariff (1st Nov 16 - 31st Dec 20","Nov  1 2016 12:00:00:000AM","Dec 31 2020 12:00:00:000AM","USD","NO","1","1","1","1","1","1","1","11","14","35","27.0833","48",
"Battambang","660","Drive from Battambang to Phnom Penh (295 km, 5 hrs)","Drive","1","Trails of Indochina","","2119","Drive","NO","","","","","12","Per Person Per Day","6","Season 01","Nov  1 2015 12:00:00:000AM","Oct 31 2016 12:00:00:000AM","33576","*Cambodia Land Tariff (1st Nov 15 - 31st Oct 16)","33808","Cambodia Land Tariff (1st Nov 15 - 31st Oct 16)","Nov  1 2015 12:00:00:000AM","Oct 31 2016 12:00:00:000AM","USD","NO","1","1","1","1","1","1","1","1","1","250","26.0355","338",
"Battambang","660","Drive from Battambang to Phnom Penh (295 km, 5 hrs)","Drive","1","Trails of Indochina","","2119","Drive","NO","","","","","12","Per Person Per Day","6","Season 01","Nov  1 2015 12:00:00:000AM","Oct 31 2016 12:00:00:000AM","33576","*Cambodia Land Tariff (1st Nov 15 - 31st Oct 16)","33808","Cambodia Land Tariff (1st Nov 15 - 31st Oct 16)","Nov  1 2015 12:00:00:000AM","Oct 31 2016 12:00:00:000AM","USD","NO","1","1","1","1","1","1","1","2","2","130","26.1363","176",
"Battambang","660","Drive from Battambang to Phnom Penh (295 km, 5 hrs)","Drive","1","Trails of Indochina","","2119","Drive","NO","","","","","12","Per Person Per Day","6","Season 01","Nov  1 2015 12:00:00:000AM","Oct 31 2016 12:00:00:000AM","33576","*Cambodia Land Tariff (1st Nov 15 - 31st Oct 16)","33808","Cambodia Land Tariff (1st Nov 15 - 31st Oct 16)","Nov  1 2015 12:00:00:000AM","Oct 31 2016 12:00:00:000AM","USD","NO","1","1","1","1","1","1","1","3","3","93","26.1904","126",
"Battambang","660","Drive from Battambang to Phnom Penh (295 km, 5 hrs)","Drive","1","Trails of Indochina","","2119","Drive","NO","","","","","12","Per Person Per Day","6","Season 01","Nov  1 2015 12:00:00:000AM","Oct 31 2016 12:00:00:000AM","33576","*Cambodia Land Tariff (1st Nov 15 - 31st Oct 16)","33808","Cambodia Land Tariff (1st Nov 15 - 31st Oct 16)","Nov  1 2015 12:00:00:000AM","Oct 31 2016 12:00:00:000AM","USD","NO","1","1","1","1","1","1","1","4","4","71","26.0416","96",
"Battambang","660","Drive from Battambang to Phnom Penh (295 km, 5 hrs)","Drive","1","Trails of Indochina","","2119","Drive","NO","","","","","12","Per Person Per Day","6","Season 01","Nov  1 2015 12:00:00:000AM","Oct 31 2016 12:00:00:000AM","33576","*Cambodia Land Tariff (1st Nov 15 - 31st Oct 16)","33808","Cambodia Land Tariff (1st Nov 15 - 31st Oct 16)","Nov  1 2015 12:00:00:000AM","Oct 31 2016 12:00:00:000AM","USD","NO","1","1","1","1","1","1","1","5","5","57","26.923","78",
"Battambang","660","Drive from Battambang to Phnom Penh (295 km, 5 hrs)","Drive","1","Trails of Indochina","","2119","Drive","NO","","","","","12","Per Person Per Day","6","Season 01","Nov  1 2015 12:00:00:000AM","Oct 31 2016 12:00:00:000AM","33576","*Cambodia Land Tariff (1st Nov 15 - 31st Oct 16)","33808","Cambodia Land Tariff (1st Nov 15 - 31st Oct 16)","Nov  1 2015 12:00:00:000AM","Oct 31 2016 12:00:00:000AM","USD","NO","1","1","1","1","1","1","1","6","6","49","26.8656","67",
"Battambang","660","Drive from Battambang to Phnom Penh (295 km, 5 hrs)","Drive","1","Trails of Indochina","","2119","Drive","NO","","","","","12","Per Person Per Day","6","Season 01","Nov  1 2015 12:00:00:000AM","Oct 31 2016 12:00:00:000AM","33576","*Cambodia Land Tariff (1st Nov 15 - 31st Oct 16)","33808","Cambodia Land Tariff (1st Nov 15 - 31st Oct 16)","Nov  1 2015 12:00:00:000AM","Oct 31 2016 12:00:00:000AM","USD","NO","1","1","1","1","1","1","1","7","7","48","26.1538","65",
"Battambang","660","Drive from Battambang to Phnom Penh (295 km, 5 hrs)","Drive","1","Trails of Indochina","","2119","Drive","NO","","","","","12","Per Person Per Day","6","Season 01","Nov  1 2015 12:00:00:000AM","Oct 31 2016 12:00:00:000AM","33576","*Cambodia Land Tariff (1st Nov 15 - 31st Oct 16)","33808","Cambodia Land Tariff (1st Nov 15 - 31st Oct 16)","Nov  1 2015 12:00:00:000AM","Oct 31 2016 12:00:00:000AM","USD","NO","1","1","1","1","1","1","1","8","8","43","27.1186","59",
"Battambang","660","Drive from Battambang to Phnom Penh (295 km, 5 hrs)","Drive","1","Trails of Indochina","","2119","Drive","NO","","","","","12","Per Person Per Day","6","Season 01","Nov  1 2015 12:00:00:000AM","Oct 31 2016 12:00:00:000AM","33576","*Cambodia Land Tariff (1st Nov 15 - 31st Oct 16)","33808","Cambodia Land Tariff (1st Nov 15 - 31st Oct 16)","Nov  1 2015 12:00:00:000AM","Oct 31 2016 12:00:00:000AM","USD","NO","1","1","1","1","1","1","1","9","9","40","27.2727","55",
"Battambang","660","Drive from Battambang to Phnom Penh (295 km, 5 hrs)","Drive","1","Trails of Indochina","","2119","Drive","NO","","","","","12","Per Person Per Day","6","Season 01","Nov  1 2015 12:00:00:000AM","Oct 31 2016 12:00:00:000AM","33576","*Cambodia Land Tariff (1st Nov 15 - 31st Oct 16)","33808","Cambodia Land Tariff (1st Nov 15 - 31st Oct 16)","Nov  1 2015 12:00:00:000AM","Oct 31 2016 12:00:00:000AM","USD","NO","1","1","1","1","1","1","1","10","10","34","26.0869","46",
"Battambang","660","Drive from Battambang to Phnom Penh (295 km, 5 hrs)","Drive","1","Trails of Indochina","","2119","Drive","NO","","","","","12","Per Person Per Day","6","Season 01","Nov  1 2015 12:00:00:000AM","Oct 31 2016 12:00:00:000AM","33576","*Cambodia Land Tariff (1st Nov 15 - 31st Oct 16)","33808","Cambodia Land Tariff (1st Nov 15 - 31st Oct 16)","Nov  1 2015 12:00:00:000AM","Oct 31 2016 12:00:00:000AM","USD","NO","1","1","1","1","1","1","1","11","14","32","27.2727","44",
"Battambang","660","Drive from Battambang to Phnom Penh (295 km, 5 hrs)","Drive","1","Trails of Indochina","","2119","Drive","NO","","","","","12","Per Person Per Day","6","Season 01","Nov  1 2016 12:00:00:000AM","Dec 31 2020 12:00:00:000AM","33577","*Pro-Cambodia Land Tariff (1st Nov 16 - 31st Dec 20)","33809","Pro-Cambodia Land Tariff (1st Nov 16 - 31st Dec 20","Nov  1 2016 12:00:00:000AM","Dec 31 2020 12:00:00:000AM","USD","NO","1","1","1","1","1","1","1","1","1","268","26.1707","363",
"Battambang","660","Drive from Battambang to Phnom Penh (295 km, 5 hrs)","Drive","1","Trails of Indochina","","2119","Drive","NO","","","","","12","Per Person Per Day","6","Season 01","Nov  1 2016 12:00:00:000AM","Dec 31 2020 12:00:00:000AM","33577","*Pro-Cambodia Land Tariff (1st Nov 16 - 31st Dec 20)","33809","Pro-Cambodia Land Tariff (1st Nov 16 - 31st Dec 20","Nov  1 2016 12:00:00:000AM","Dec 31 2020 12:00:00:000AM","USD","NO","1","1","1","1","1","1","1","2","2","140","26.3157","190",
"Battambang","660","Drive from Battambang to Phnom Penh (295 km, 5 hrs)","Drive","1","Trails of Indochina","","2119","Drive","NO","","","","","12","Per Person Per Day","6","Season 01","Nov  1 2016 12:00:00:000AM","Dec 31 2020 12:00:00:000AM","33577","*Pro-Cambodia Land Tariff (1st Nov 16 - 31st Dec 20)","33809","Pro-Cambodia Land Tariff (1st Nov 16 - 31st Dec 20","Nov  1 2016 12:00:00:000AM","Dec 31 2020 12:00:00:000AM","USD","NO","1","1","1","1","1","1","1","3","3","100","26.4705","136",
"Battambang","660","Drive from Battambang to Phnom Penh (295 km, 5 hrs)","Drive","1","Trails of Indochina","","2119","Drive","NO","","","","","12","Per Person Per Day","6","Season 01","Nov  1 2016 12:00:00:000AM","Dec 31 2020 12:00:00:000AM","33577","*Pro-Cambodia Land Tariff (1st Nov 16 - 31st Dec 20)","33809","Pro-Cambodia Land Tariff (1st Nov 16 - 31st Dec 20","Nov  1 2016 12:00:00:000AM","Dec 31 2020 12:00:00:000AM","USD","NO","1","1","1","1","1","1","1","4","4","76","26.2135","103",
"Battambang","660","Drive from Battambang to Phnom Penh (295 km, 5 hrs)","Drive","1","Trails of Indochina","","2119","Drive","NO","","","","","12","Per Person Per Day","6","Season 01","Nov  1 2016 12:00:00:000AM","Dec 31 2020 12:00:00:000AM","33577","*Pro-Cambodia Land Tariff (1st Nov 16 - 31st Dec 20)","33809","Pro-Cambodia Land Tariff (1st Nov 16 - 31st Dec 20","Nov  1 2016 12:00:00:000AM","Dec 31 2020 12:00:00:000AM","USD","NO","1","1","1","1","1","1","1","5","5","61","26.506","83",
"Battambang","660","Drive from Battambang to Phnom Penh (295 km, 5 hrs)","Drive","1","Trails of Indochina","","2119","Drive","NO","","","","","12","Per Person Per Day","6","Season 01","Nov  1 2016 12:00:00:000AM","Dec 31 2020 12:00:00:000AM","33577","*Pro-Cambodia Land Tariff (1st Nov 16 - 31st Dec 20)","33809","Pro-Cambodia Land Tariff (1st Nov 16 - 31st Dec 20","Nov  1 2016 12:00:00:000AM","Dec 31 2020 12:00:00:000AM","USD","NO","1","1","1","1","1","1","1","6","6","53","26.3888","72",
"Battambang","660","Drive from Battambang to Phnom Penh (295 km, 5 hrs)","Drive","1","Trails of Indochina","","2119","Drive","NO","","","","","12","Per Person Per Day","6","Season 01","Nov  1 2016 12:00:00:000AM","Dec 31 2020 12:00:00:000AM","33577","*Pro-Cambodia Land Tariff (1st Nov 16 - 31st Dec 20)","33809","Pro-Cambodia Land Tariff (1st Nov 16 - 31st Dec 20","Nov  1 2016 12:00:00:000AM","Dec 31 2020 12:00:00:000AM","USD","NO","1","1","1","1","1","1","1","7","7","52","26.7605","71",
"Battambang","660","Drive from Battambang to Phnom Penh (295 km, 5 hrs)","Drive","1","Trails of Indochina","","2119","Drive","NO","","","","","12","Per Person Per Day","6","Season 01","Nov  1 2016 12:00:00:000AM","Dec 31 2020 12:00:00:000AM","33577","*Pro-Cambodia Land Tariff (1st Nov 16 - 31st Dec 20)","33809","Pro-Cambodia Land Tariff (1st Nov 16 - 31st Dec 20","Nov  1 2016 12:00:00:000AM","Dec 31 2020 12:00:00:000AM","USD","NO","1","1","1","1","1","1","1","8","8","47","26.5625","64",
"Battambang","660","Drive from Battambang to Phnom Penh (295 km, 5 hrs)","Drive","1","Trails of Indochina","","2119","Drive","NO","","","","","12","Per Person Per Day","6","Season 01","Nov  1 2016 12:00:00:000AM","Dec 31 2020 12:00:00:000AM","33577","*Pro-Cambodia Land Tariff (1st Nov 16 - 31st Dec 20)","33809","Pro-Cambodia Land Tariff (1st Nov 16 - 31st Dec 20","Nov  1 2016 12:00:00:000AM","Dec 31 2020 12:00:00:000AM","USD","NO","1","1","1","1","1","1","1","9","9","43","27.1186","59",
"Battambang","660","Drive from Battambang to Phnom Penh (295 km, 5 hrs)","Drive","1","Trails of Indochina","","2119","Drive","NO","","","","","12","Per Person Per Day","6","Season 01","Nov  1 2016 12:00:00:000AM","Dec 31 2020 12:00:00:000AM","33577","*Pro-Cambodia Land Tariff (1st Nov 16 - 31st Dec 20)","33809","Pro-Cambodia Land Tariff (1st Nov 16 - 31st Dec 20","Nov  1 2016 12:00:00:000AM","Dec 31 2020 12:00:00:000AM","USD","NO","1","1","1","1","1","1","1","10","10","37","26","50",
"Battambang","660","Drive from Battambang to Phnom Penh (295 km, 5 hrs)","Drive","1","Trails of Indochina","","2119","Drive","NO","","","","","12","Per Person Per Day","6","Season 01","Nov  1 2016 12:00:00:000AM","Dec 31 2020 12:00:00:000AM","33577","*Pro-Cambodia Land Tariff (1st Nov 16 - 31st Dec 20)","33809","Pro-Cambodia Land Tariff (1st Nov 16 - 31st Dec 20","Nov  1 2016 12:00:00:000AM","Dec 31 2020 12:00:00:000AM","USD","NO","1","1","1","1","1","1","1","11","14","35","27.0833","48",
"Chiang Mai","28960","HD-Thai Cooking Sensations-City","Activity","840","Exo Travel","","46087","Private/Special Activity","NO","","","","","12","Per Person Per Day","6","Season 01","Sep  1 2014 12:00:00:000AM","Oct 31 2015 12:00:00:000AM","22262","Exostissimo Act (1st Sep 14 - 31st Oct 15)","22389","Exostissimo Act (1st Sep 14 - 31st Oct 15)","Sep  1 2014 12:00:00:000AM","Oct 31 2015 12:00:00:000AM","THB","NO","1","1","1","1","1","1","1","1","1","2530","26.0017","3419",
"Chiang Mai","28960","HD-Thai Cooking Sensations-City","Activity","840","Exo Travel","","46087","Private/Special Activity","NO","","","","","12","Per Person Per Day","6","Season 01","Sep  1 2014 12:00:00:000AM","Oct 31 2015 12:00:00:000AM","22262","Exostissimo Act (1st Sep 14 - 31st Oct 15)","22389","Exostissimo Act (1st Sep 14 - 31st Oct 15)","Sep  1 2014 12:00:00:000AM","Oct 31 2015 12:00:00:000AM","THB","NO","1","1","1","1","1","1","1","2","2","1970","26.0232","2663",
"Chiang Mai","28960","HD-Thai Cooking Sensations-City","Activity","840","Exo Travel","","46087","Private/Special Activity","NO","","","","","12","Per Person Per Day","6","Season 01","Sep  1 2014 12:00:00:000AM","Oct 31 2015 12:00:00:000AM","22262","Exostissimo Act (1st Sep 14 - 31st Oct 15)","22389","Exostissimo Act (1st Sep 14 - 31st Oct 15)","Sep  1 2014 12:00:00:000AM","Oct 31 2015 12:00:00:000AM","THB","NO","1","1","1","1","1","1","1","3","4","1600","26.0286","2163",
"Chiang Mai","28960","HD-Thai Cooking Sensations-City","Activity","840","Exo Travel","","46087","Private/Special Activity","NO","","","","","12","Per Person Per Day","6","Season 01","Sep  1 2014 12:00:00:000AM","Oct 31 2015 12:00:00:000AM","22262","Exostissimo Act (1st Sep 14 - 31st Oct 15)","22389","Exostissimo Act (1st Sep 14 - 31st Oct 15)","Sep  1 2014 12:00:00:000AM","Oct 31 2015 12:00:00:000AM","THB","NO","1","1","1","1","1","1","1","5","6","1350","26.0273","1825",
"Chiang Mai","28960","HD-Thai Cooking Sensations-City","Activity","840","Exo Travel","","46087","Private/Special Activity","NO","","","","","12","Per Person Per Day","6","Season 01","Sep  1 2014 12:00:00:000AM","Oct 31 2015 12:00:00:000AM","22262","Exostissimo Act (1st Sep 14 - 31st Oct 15)","22389","Exostissimo Act (1st Sep 14 - 31st Oct 15)","Sep  1 2014 12:00:00:000AM","Oct 31 2015 12:00:00:000AM","THB","NO","1","1","1","1","1","1","1","7","10","1490","26.0178","2014",
"Chiang Mai","28960","HD-Thai Cooking Sensations-City","Activity","840","Exo Travel","","46087","Private/Special Activity","NO","","","","","12","Per Person Per Day","6","Season 01","Sep  1 2014 12:00:00:000AM","Oct 31 2015 12:00:00:000AM","22262","Exostissimo Act (1st Sep 14 - 31st Oct 15)","22389","Exostissimo Act (1st Sep 14 - 31st Oct 15)","Sep  1 2014 12:00:00:000AM","Oct 31 2015 12:00:00:000AM","THB","NO","1","1","1","1","1","1","1","11","15","1320","26.0089","1784",
"Chiang Mai","28960","HD-Thai Cooking Sensations-City","Activity","840","Exo Travel","","46087","Private/Special Activity","NO","","","","","12","Per Person Per Day","6","Season 01","Nov  1 2015 12:00:00:000AM","Oct 31 2016 12:00:00:000AM","32887","Exostissimo Act (1st Nov 15 - 31st Oct 16)","33093","Exostissimo Act (1st Nov 15 - 31st Oct 16)","Nov  1 2015 12:00:00:000AM","Oct 31 2016 12:00:00:000AM","THB","NO","1","1","1","1","1","1","1","1","1","3320","26.0084","4487",
"Chiang Mai","28960","HD-Thai Cooking Sensations-City","Activity","840","Exo Travel","","46087","Private/Special Activity","NO","","","","","12","Per Person Per Day","6","Season 01","Nov  1 2015 12:00:00:000AM","Oct 31 2016 12:00:00:000AM","32887","Exostissimo Act (1st Nov 15 - 31st Oct 16)","33093","Exostissimo Act (1st Nov 15 - 31st Oct 16)","Nov  1 2015 12:00:00:000AM","Oct 31 2016 12:00:00:000AM","THB","NO","1","1","1","1","1","1","1","2","2","2380","26.018","3217",
"Chiang Mai","28960","HD-Thai Cooking Sensations-City","Activity","840","Exo Travel","","46087","Private/Special Activity","NO","","","","","12","Per Person Per Day","6","Season 01","Nov  1 2015 12:00:00:000AM","Oct 31 2016 12:00:00:000AM","32887","Exostissimo Act (1st Nov 15 - 31st Oct 16)","33093","Exostissimo Act (1st Nov 15 - 31st Oct 16)","Nov  1 2015 12:00:00:000AM","Oct 31 2016 12:00:00:000AM","THB","NO","1","1","1","1","1","1","1","3","4","2070","26.0185","2798",
"Chiang Mai","28960","HD-Thai Cooking Sensations-City","Activity","840","Exo Travel","","46087","Private/Special Activity","NO","","","","","12","Per Person Per Day","6","Season 01","Nov  1 2015 12:00:00:000AM","Oct 31 2016 12:00:00:000AM","32887","Exostissimo Act (1st Nov 15 - 31st Oct 16)","33093","Exostissimo Act (1st Nov 15 - 31st Oct 16)","Nov  1 2015 12:00:00:000AM","Oct 31 2016 12:00:00:000AM","THB","NO","1","1","1","1","1","1","1","5","6","1910","26.0263","2582",
"Chiang Mai","28960","HD-Thai Cooking Sensations-City","Activity","840","Exo Travel","","46087","Private/Special Activity","NO","","","","","12","Per Person Per Day","6","Season 01","Nov  1 2015 12:00:00:000AM","Oct 31 2016 12:00:00:000AM","32887","Exostissimo Act (1st Nov 15 - 31st Oct 16)","33093","Exostissimo Act (1st Nov 15 - 31st Oct 16)","Nov  1 2015 12:00:00:000AM","Oct 31 2016 12:00:00:000AM","THB","NO","1","1","1","1","1","1","1","7","10","1990","26.0223","2690",
"Chiang Mai","28960","HD-Thai Cooking Sensations-City","Activity","840","Exo Travel","","46087","Private/Special Activity","NO","","","","","12","Per Person Per Day","6","Season 01","Nov  1 2016 12:00:00:000AM","Oct 31 2020 12:00:00:000AM","32890","Pro-Exostissimo Act (1st Nov 16 - 31st Oct 20)","33096","Pro-Exostissimo Act (1st Nov 16 - 31st Oct 20)","Nov  1 2016 12:00:00:000AM","Oct 31 2020 12:00:00:000AM","THB","NO","1","1","1","1","1","1","1","1","1","3552","26","4800",
"Chiang Mai","28960","HD-Thai Cooking Sensations-City","Activity","840","Exo Travel","","46087","Private/Special Activity","NO","","","","","12","Per Person Per Day","6","Season 01","Nov  1 2016 12:00:00:000AM","Oct 31 2020 12:00:00:000AM","32890","Pro-Exostissimo Act (1st Nov 16 - 31st Oct 20)","33096","Pro-Exostissimo Act (1st Nov 16 - 31st Oct 20)","Nov  1 2016 12:00:00:000AM","Oct 31 2020 12:00:00:000AM","THB","NO","1","1","1","1","1","1","1","2","2","2547","26.0023","3442",
"Chiang Mai","28960","HD-Thai Cooking Sensations-City","Activity","840","Exo Travel","","46087","Private/Special Activity","NO","","","","","12","Per Person Per Day","6","Season 01","Nov  1 2016 12:00:00:000AM","Oct 31 2020 12:00:00:000AM","32890","Pro-Exostissimo Act (1st Nov 16 - 31st Oct 20)","33096","Pro-Exostissimo Act (1st Nov 16 - 31st Oct 20)","Nov  1 2016 12:00:00:000AM","Oct 31 2020 12:00:00:000AM","THB","NO","1","1","1","1","1","1","1","3","4","2215","26.0187","2994",
"Chiang Mai","28960","HD-Thai Cooking Sensations-City","Activity","840","Exo Travel","","46087","Private/Special Activity","NO","","","","","12","Per Person Per Day","6","Season 01","Nov  1 2016 12:00:00:000AM","Oct 31 2020 12:00:00:000AM","32890","Pro-Exostissimo Act (1st Nov 16 - 31st Oct 20)","33096","Pro-Exostissimo Act (1st Nov 16 - 31st Oct 20)","Nov  1 2016 12:00:00:000AM","Oct 31 2020 12:00:00:000AM","THB","NO","1","1","1","1","1","1","1","5","6","2044","26.0224","2763",
"Chiang Mai","28960","HD-Thai Cooking Sensations-City","Activity","840","Exo Travel","","46087","Private/Special Activity","NO","","","","","12","Per Person Per Day","6","Season 01","Nov  1 2016 12:00:00:000AM","Oct 31 2020 12:00:00:000AM","32890","Pro-Exostissimo Act (1st Nov 16 - 31st Oct 20)","33096","Pro-Exostissimo Act (1st Nov 16 - 31st Oct 20)","Nov  1 2016 12:00:00:000AM","Oct 31 2020 12:00:00:000AM","THB","NO","1","1","1","1","1","1","1","7","10","2129","26.025","2878",
"Chiang Mai","29453","HD-Wat Prathat Doi Suthep & White Hmong Hilltribe","Activity","840","Exo Travel","","47615","Private/Special Activity","NO","","","","","12","Per Person Per Day","6","Season 01","Sep  1 2014 12:00:00:000AM","Oct 31 2015 12:00:00:000AM","22262","Exostissimo Act (1st Sep 14 - 31st Oct 15)","22389","Exostissimo Act (1st Sep 14 - 31st Oct 15)","Sep  1 2014 12:00:00:000AM","Oct 31 2015 12:00:00:000AM","THB","NO","1","1","1","1","1","1","1","1","1","2760","26.0053","3730",
"Chiang Mai","29453","HD-Wat Prathat Doi Suthep & White Hmong Hilltribe","Activity","840","Exo Travel","","47615","Private/Special Activity","NO","","","","","12","Per Person Per Day","6","Season 01","Sep  1 2014 12:00:00:000AM","Oct 31 2015 12:00:00:000AM","22262","Exostissimo Act (1st Sep 14 - 31st Oct 15)","22389","Exostissimo Act (1st Sep 14 - 31st Oct 15)","Sep  1 2014 12:00:00:000AM","Oct 31 2015 12:00:00:000AM","THB","NO","1","1","1","1","1","1","1","2","2","1440","26.002","1946",
"Chiang Mai","29453","HD-Wat Prathat Doi Suthep & White Hmong Hilltribe","Activity","840","Exo Travel","","47615","Private/Special Activity","NO","","","","","12","Per Person Per Day","6","Season 01","Sep  1 2014 12:00:00:000AM","Oct 31 2015 12:00:00:000AM","22262","Exostissimo Act (1st Sep 14 - 31st Oct 15)","22389","Exostissimo Act (1st Sep 14 - 31st Oct 15)","Sep  1 2014 12:00:00:000AM","Oct 31 2015 12:00:00:000AM","THB","NO","1","1","1","1","1","1","1","3","4","1010","26.0073","1365",
"Chiang Mai","29453","HD-Wat Prathat Doi Suthep & White Hmong Hilltribe","Activity","840","Exo Travel","","47615","Private/Special Activity","NO","","","","","12","Per Person Per Day","6","Season 01","Sep  1 2014 12:00:00:000AM","Oct 31 2015 12:00:00:000AM","22262","Exostissimo Act (1st Sep 14 - 31st Oct 15)","22389","Exostissimo Act (1st Sep 14 - 31st Oct 15)","Sep  1 2014 12:00:00:000AM","Oct 31 2015 12:00:00:000AM","THB","NO","1","1","1","1","1","1","1","5","6","690","26.045","933",
"Chiang Mai","29453","HD-Wat Prathat Doi Suthep & White Hmong Hilltribe","Activity","840","Exo Travel","","47615","Private/Special Activity","NO","","","","","12","Per Person Per Day","6","Season 01","Sep  1 2014 12:00:00:000AM","Oct 31 2015 12:00:00:000AM","22262","Exostissimo Act (1st Sep 14 - 31st Oct 15)","22389","Exostissimo Act (1st Sep 14 - 31st Oct 15)","Sep  1 2014 12:00:00:000AM","Oct 31 2015 12:00:00:000AM","THB","NO","1","1","1","1","1","1","1","7","10","710","26.0416","960",
"Chiang Mai","29453","HD-Wat Prathat Doi Suthep & White Hmong Hilltribe","Activity","840","Exo Travel","","47615","Private/Special Activity","NO","","","","","12","Per Person Per Day","6","Season 01","Sep  1 2014 12:00:00:000AM","Oct 31 2015 12:00:00:000AM","22262","Exostissimo Act (1st Sep 14 - 31st Oct 15)","22389","Exostissimo Act (1st Sep 14 - 31st Oct 15)","Sep  1 2014 12:00:00:000AM","Oct 31 2015 12:00:00:000AM","THB","NO","1","1","1","1","1","1","1","11","15","630","26.0563","852",
"Chiang Mai","29453","HD-Wat Prathat Doi Suthep & White Hmong Hilltribe","Activity","840","Exo Travel","","47615","Private/Special Activity","NO","","","","","12","Per Person Per Day","6","Season 01","Nov  1 2015 12:00:00:000AM","Oct 31 2016 12:00:00:000AM","32887","Exostissimo Act (1st Nov 15 - 31st Oct 16)","33093","Exostissimo Act (1st Nov 15 - 31st Oct 16)","Nov  1 2015 12:00:00:000AM","Oct 31 2016 12:00:00:000AM","THB","NO","1","1","1","1","1","1","1","1","1","2940","26.0005","3973",
"Chiang Mai","29453","HD-Wat Prathat Doi Suthep & White Hmong Hilltribe","Activity","840","Exo Travel","","47615","Private/Special Activity","NO","","","","","12","Per Person Per Day","6","Season 01","Nov  1 2015 12:00:00:000AM","Oct 31 2016 12:00:00:000AM","32887","Exostissimo Act (1st Nov 15 - 31st Oct 16)","33093","Exostissimo Act (1st Nov 15 - 31st Oct 16)","Nov  1 2015 12:00:00:000AM","Oct 31 2016 12:00:00:000AM","THB","NO","1","1","1","1","1","1","1","2","2","1530","26.0154","2068",
"Chiang Mai","29453","HD-Wat Prathat Doi Suthep & White Hmong Hilltribe","Activity","840","Exo Travel","","47615","Private/Special Activity","NO","","","","","12","Per Person Per Day","6","Season 01","Nov  1 2015 12:00:00:000AM","Oct 31 2016 12:00:00:000AM","32887","Exostissimo Act (1st Nov 15 - 31st Oct 16)","33093","Exostissimo Act (1st Nov 15 - 31st Oct 16)","Nov  1 2015 12:00:00:000AM","Oct 31 2016 12:00:00:000AM","THB","NO","1","1","1","1","1","1","1","3","4","1070","26.0027","1446",
"Chiang Mai","29453","HD-Wat Prathat Doi Suthep & White Hmong Hilltribe","Activity","840","Exo Travel","","47615","Private/Special Activity","NO","","","","","12","Per Person Per Day","6","Season 01","Nov  1 2015 12:00:00:000AM","Oct 31 2016 12:00:00:000AM","32887","Exostissimo Act (1st Nov 15 - 31st Oct 16)","33093","Exostissimo Act (1st Nov 15 - 31st Oct 16)","Nov  1 2015 12:00:00:000AM","Oct 31 2016 12:00:00:000AM","THB","NO","1","1","1","1","1","1","1","5","6","730","26.0385","987",
"Chiang Mai","29453","HD-Wat Prathat Doi Suthep & White Hmong Hilltribe","Activity","840","Exo Travel","","47615","Private/Special Activity","NO","","","","","12","Per Person Per Day","6","Season 01","Nov  1 2015 12:00:00:000AM","Oct 31 2016 12:00:00:000AM","32887","Exostissimo Act (1st Nov 15 - 31st Oct 16)","33093","Exostissimo Act (1st Nov 15 - 31st Oct 16)","Nov  1 2015 12:00:00:000AM","Oct 31 2016 12:00:00:000AM","THB","NO","1","1","1","1","1","1","1","7","10","740","26","1000",
"Chiang Mai","29453","HD-Wat Prathat Doi Suthep & White Hmong Hilltribe","Activity","840","Exo Travel","","47615","Private/Special Activity","NO","","","","","12","Per Person Per Day","6","Season 01","Nov  1 2016 12:00:00:000AM","Oct 31 2020 12:00:00:000AM","32890","Pro-Exostissimo Act (1st Nov 16 - 31st Oct 20)","33096","Pro-Exostissimo Act (1st Nov 16 - 31st Oct 20)","Nov  1 2016 12:00:00:000AM","Oct 31 2020 12:00:00:000AM","THB","NO","1","1","1","1","1","1","1","1","1","3146","26.0112","4252",
"Chiang Mai","29453","HD-Wat Prathat Doi Suthep & White Hmong Hilltribe","Activity","840","Exo Travel","","47615","Private/Special Activity","NO","","","","","12","Per Person Per Day","6","Season 01","Nov  1 2016 12:00:00:000AM","Oct 31 2020 12:00:00:000AM","32890","Pro-Exostissimo Act (1st Nov 16 - 31st Oct 20)","33096","Pro-Exostissimo Act (1st Nov 16 - 31st Oct 20)","Nov  1 2016 12:00:00:000AM","Oct 31 2020 12:00:00:000AM","THB","NO","1","1","1","1","1","1","1","2","2","1637","26.028","2213",
"Chiang Mai","29453","HD-Wat Prathat Doi Suthep & White Hmong Hilltribe","Activity","840","Exo Travel","","47615","Private/Special Activity","NO","","","","","12","Per Person Per Day","6","Season 01","Nov  1 2016 12:00:00:000AM","Oct 31 2020 12:00:00:000AM","32890","Pro-Exostissimo Act (1st Nov 16 - 31st Oct 20)","33096","Pro-Exostissimo Act (1st Nov 16 - 31st Oct 20)","Nov  1 2016 12:00:00:000AM","Oct 31 2020 12:00:00:000AM","THB","NO","1","1","1","1","1","1","1","3","4","1145","26.0335","1548",
"Chiang Mai","29453","HD-Wat Prathat Doi Suthep & White Hmong Hilltribe","Activity","840","Exo Travel","","47615","Private/Special Activity","NO","","","","","12","Per Person Per Day","6","Season 01","Nov  1 2016 12:00:00:000AM","Oct 31 2020 12:00:00:000AM","32890","Pro-Exostissimo Act (1st Nov 16 - 31st Oct 20)","33096","Pro-Exostissimo Act (1st Nov 16 - 31st Oct 20)","Nov  1 2016 12:00:00:000AM","Oct 31 2020 12:00:00:000AM","THB","NO","1","1","1","1","1","1","1","5","6","781","26.0416","1056",
"Chiang Mai","29453","HD-Wat Prathat Doi Suthep & White Hmong Hilltribe","Activity","840","Exo Travel","","47615","Private/Special Activity","NO","","","","","12","Per Person Per Day","6","Season 01","Nov  1 2016 12:00:00:000AM","Oct 31 2020 12:00:00:000AM","32890","Pro-Exostissimo Act (1st Nov 16 - 31st Oct 20)","33096","Pro-Exostissimo Act (1st Nov 16 - 31st Oct 20)","Nov  1 2016 12:00:00:000AM","Oct 31 2020 12:00:00:000AM","THB","NO","1","1","1","1","1","1","1","7","10","792","26.0504","1071",
"Chiang Mai","30065","HD-Sights And Sounds Of CM (Cycle)-City","Activity","840","Exo Travel","","47609","Private/Special Activity","NO","","","","","12","Per Person Per Day","6","Season 01","Sep  1 2014 12:00:00:000AM","Oct 31 2015 12:00:00:000AM","22262","Exostissimo Act (1st Sep 14 - 31st Oct 15)","22389","Exostissimo Act (1st Sep 14 - 31st Oct 15)","Sep  1 2014 12:00:00:000AM","Oct 31 2015 12:00:00:000AM","THB","NO","1","1","1","1","1","1","1","1","1","4470","26.0056","6041",
"Chiang Mai","30065","HD-Sights And Sounds Of CM (Cycle)-City","Activity","840","Exo Travel","","47609","Private/Special Activity","NO","","","","","12","Per Person Per Day","6","Season 01","Sep  1 2014 12:00:00:000AM","Oct 31 2015 12:00:00:000AM","22262","Exostissimo Act (1st Sep 14 - 31st Oct 15)","22389","Exostissimo Act (1st Sep 14 - 31st Oct 15)","Sep  1 2014 12:00:00:000AM","Oct 31 2015 12:00:00:000AM","THB","NO","1","1","1","1","1","1","1","2","2","2610","26.0204","3528",
"Chiang Mai","30065","HD-Sights And Sounds Of CM (Cycle)-City","Activity","840","Exo Travel","","47609","Private/Special Activity","NO","","","","","12","Per Person Per Day","6","Season 01","Sep  1 2014 12:00:00:000AM","Oct 31 2015 12:00:00:000AM","22262","Exostissimo Act (1st Sep 14 - 31st Oct 15)","22389","Exostissimo Act (1st Sep 14 - 31st Oct 15)","Sep  1 2014 12:00:00:000AM","Oct 31 2015 12:00:00:000AM","THB","NO","1","1","1","1","1","1","1","3","4","1990","26.0223","2690",
"Chiang Mai","30065","HD-Sights And Sounds Of CM (Cycle)-City","Activity","840","Exo Travel","","47609","Private/Special Activity","NO","","","","","12","Per Person Per Day","6","Season 01","Sep  1 2014 12:00:00:000AM","Oct 31 2015 12:00:00:000AM","22262","Exostissimo Act (1st Sep 14 - 31st Oct 15)","22389","Exostissimo Act (1st Sep 14 - 31st Oct 15)","Sep  1 2014 12:00:00:000AM","Oct 31 2015 12:00:00:000AM","THB","NO","1","1","1","1","1","1","1","5","6","1560","26.0312","2109",
"Chiang Mai","30065","HD-Sights And Sounds Of CM (Cycle)-City","Activity","840","Exo Travel","","47609","Private/Special Activity","NO","","","","","12","Per Person Per Day","6","Season 01","Sep  1 2014 12:00:00:000AM","Oct 31 2015 12:00:00:000AM","22262","Exostissimo Act (1st Sep 14 - 31st Oct 15)","22389","Exostissimo Act (1st Sep 14 - 31st Oct 15)","Sep  1 2014 12:00:00:000AM","Oct 31 2015 12:00:00:000AM","THB","NO","1","1","1","1","1","1","1","7","10","1750","26.0042","2365",
"Chiang Mai","30065","HD-Sights And Sounds Of CM (Cycle)-City","Activity","840","Exo Travel","","47609","Private/Special Activity","NO","","","","","12","Per Person Per Day","6","Season 01","Nov  1 2015 12:00:00:000AM","Oct 31 2016 12:00:00:000AM","32887","Exostissimo Act (1st Nov 15 - 31st Oct 16)","33093","Exostissimo Act (1st Nov 15 - 31st Oct 16)","Nov  1 2015 12:00:00:000AM","Oct 31 2016 12:00:00:000AM","THB","NO","1","1","1","1","1","1","1","1","1","4470","26.0056","6041",
"Chiang Mai","30065","HD-Sights And Sounds Of CM (Cycle)-City","Activity","840","Exo Travel","","47609","Private/Special Activity","NO","","","","","12","Per Person Per Day","6","Season 01","Nov  1 2015 12:00:00:000AM","Oct 31 2016 12:00:00:000AM","32887","Exostissimo Act (1st Nov 15 - 31st Oct 16)","33093","Exostissimo Act (1st Nov 15 - 31st Oct 16)","Nov  1 2015 12:00:00:000AM","Oct 31 2016 12:00:00:000AM","THB","NO","1","1","1","1","1","1","1","2","2","2610","26.0204","3528",
"Chiang Mai","30065","HD-Sights And Sounds Of CM (Cycle)-City","Activity","840","Exo Travel","","47609","Private/Special Activity","NO","","","","","12","Per Person Per Day","6","Season 01","Nov  1 2015 12:00:00:000AM","Oct 31 2016 12:00:00:000AM","32887","Exostissimo Act (1st Nov 15 - 31st Oct 16)","33093","Exostissimo Act (1st Nov 15 - 31st Oct 16)","Nov  1 2015 12:00:00:000AM","Oct 31 2016 12:00:00:000AM","THB","NO","1","1","1","1","1","1","1","3","4","1990","26.0223","2690",
"Chiang Mai","30065","HD-Sights And Sounds Of CM (Cycle)-City","Activity","840","Exo Travel","","47609","Private/Special Activity","NO","","","","","12","Per Person Per Day","6","Season 01","Nov  1 2015 12:00:00:000AM","Oct 31 2016 12:00:00:000AM","32887","Exostissimo Act (1st Nov 15 - 31st Oct 16)","33093","Exostissimo Act (1st Nov 15 - 31st Oct 16)","Nov  1 2015 12:00:00:000AM","Oct 31 2016 12:00:00:000AM","THB","NO","1","1","1","1","1","1","1","5","6","1560","26.0312","2109",
"Chiang Mai","30065","HD-Sights And Sounds Of CM (Cycle)-City","Activity","840","Exo Travel","","47609","Private/Special Activity","NO","","","","","12","Per Person Per Day","6","Season 01","Nov  1 2015 12:00:00:000AM","Oct 31 2016 12:00:00:000AM","32887","Exostissimo Act (1st Nov 15 - 31st Oct 16)","33093","Exostissimo Act (1st Nov 15 - 31st Oct 16)","Nov  1 2015 12:00:00:000AM","Oct 31 2016 12:00:00:000AM","THB","NO","1","1","1","1","1","1","1","7","10","1750","26.0042","2365",
"Chiang Mai","30065","HD-Sights And Sounds Of CM (Cycle)-City","Activity","840","Exo Travel","","47609","Private/Special Activity","NO","","","","","12","Per Person Per Day","6","Season 01","Nov  1 2016 12:00:00:000AM","Oct 31 2020 12:00:00:000AM","32890","Pro-Exostissimo Act (1st Nov 16 - 31st Oct 20)","33096","Pro-Exostissimo Act (1st Nov 16 - 31st Oct 20)","Nov  1 2016 12:00:00:000AM","Oct 31 2020 12:00:00:000AM","THB","NO","1","1","1","1","1","1","1","1","1","4783","26.0055","6464",
"Chiang Mai","30065","HD-Sights And Sounds Of CM (Cycle)-City","Activity","840","Exo Travel","","47609","Private/Special Activity","NO","","","","","12","Per Person Per Day","6","Season 01","Nov  1 2016 12:00:00:000AM","Oct 31 2020 12:00:00:000AM","32890","Pro-Exostissimo Act (1st Nov 16 - 31st Oct 20)","33096","Pro-Exostissimo Act (1st Nov 16 - 31st Oct 20)","Nov  1 2016 12:00:00:000AM","Oct 31 2020 12:00:00:000AM","THB","NO","1","1","1","1","1","1","1","2","2","2793","26.0132","3775",
"Chiang Mai","30065","HD-Sights And Sounds Of CM (Cycle)-City","Activity","840","Exo Travel","","47609","Private/Special Activity","NO","","","","","12","Per Person Per Day","6","Season 01","Nov  1 2016 12:00:00:000AM","Oct 31 2020 12:00:00:000AM","32890","Pro-Exostissimo Act (1st Nov 16 - 31st Oct 20)","33096","Pro-Exostissimo Act (1st Nov 16 - 31st Oct 20)","Nov  1 2016 12:00:00:000AM","Oct 31 2020 12:00:00:000AM","THB","NO","1","1","1","1","1","1","1","3","4","2129","26.025","2878",
"Chiang Mai","30065","HD-Sights And Sounds Of CM (Cycle)-City","Activity","840","Exo Travel","","47609","Private/Special Activity","NO","","","","","12","Per Person Per Day","6","Season 01","Nov  1 2016 12:00:00:000AM","Oct 31 2020 12:00:00:000AM","32890","Pro-Exostissimo Act (1st Nov 16 - 31st Oct 20)","33096","Pro-Exostissimo Act (1st Nov 16 - 31st Oct 20)","Nov  1 2016 12:00:00:000AM","Oct 31 2020 12:00:00:000AM","THB","NO","1","1","1","1","1","1","1","5","6","1669","26.0195","2256",
"Chiang Mai","30065","HD-Sights And Sounds Of CM (Cycle)-City","Activity","840","Exo Travel","","47609","Private/Special Activity","NO","","","","","12","Per Person Per Day","6","Season 01","Nov  1 2016 12:00:00:000AM","Oct 31 2020 12:00:00:000AM","32890","Pro-Exostissimo Act (1st Nov 16 - 31st Oct 20)","33096","Pro-Exostissimo Act (1st Nov 16 - 31st Oct 20)","Nov  1 2016 12:00:00:000AM","Oct 31 2020 12:00:00:000AM","THB","NO","1","1","1","1","1","1","1","7","10","1879","26.0236","2540",
"Huay Xai / Mekong","41520","FD-Boat trip from Huay Xai to Pakbeng with Village visits","Activity","840","Exo Travel","","67614","Private/Special Activity","NO","","","","","12","Per Person Per Day","6","Season 01","Sep  1 2014 12:00:00:000AM","Oct 31 2015 12:00:00:000AM","22262","Exostissimo Act (1st Sep 14 - 31st Oct 15)","22389","Exostissimo Act (1st Sep 14 - 31st Oct 15)","Sep  1 2014 12:00:00:000AM","Oct 31 2015 12:00:00:000AM","THB","NO","1","1","1","1","1","1","1","1","1","340","97.62","14286",
"Huay Xai / Mekong","41520","FD-Boat trip from Huay Xai to Pakbeng with Village visits","Activity","840","Exo Travel","","67614","Private/Special Activity","NO","","","","","12","Per Person Per Day","6","Season 01","Sep  1 2014 12:00:00:000AM","Oct 31 2015 12:00:00:000AM","22262","Exostissimo Act (1st Sep 14 - 31st Oct 15)","22389","Exostissimo Act (1st Sep 14 - 31st Oct 15)","Sep  1 2014 12:00:00:000AM","Oct 31 2015 12:00:00:000AM","THB","NO","1","1","1","1","1","1","1","2","2","162","97.6183","6802",
"Huay Xai / Mekong","41520","FD-Boat trip from Huay Xai to Pakbeng with Village visits","Activity","840","Exo Travel","","67614","Private/Special Activity","NO","","","","","12","Per Person Per Day","6","Season 01","Sep  1 2014 12:00:00:000AM","Oct 31 2015 12:00:00:000AM","22262","Exostissimo Act (1st Sep 14 - 31st Oct 15)","22389","Exostissimo Act (1st Sep 14 - 31st Oct 15)","Sep  1 2014 12:00:00:000AM","Oct 31 2015 12:00:00:000AM","THB","NO","1","1","1","1","1","1","1","3","4","105","97.619","4410",
"Huay Xai / Mekong","41520","FD-Boat trip from Huay Xai to Pakbeng with Village visits","Activity","840","Exo Travel","","67614","Private/Special Activity","NO","","","","","12","Per Person Per Day","6","Season 01","Sep  1 2014 12:00:00:000AM","Oct 31 2015 12:00:00:000AM","22262","Exostissimo Act (1st Sep 14 - 31st Oct 15)","22389","Exostissimo Act (1st Sep 14 - 31st Oct 15)","Sep  1 2014 12:00:00:000AM","Oct 31 2015 12:00:00:000AM","THB","NO","1","1","1","1","1","1","1","5","6","56","97.6281","2361",
"Huay Xai / Mekong","41520","FD-Boat trip from Huay Xai to Pakbeng with Village visits","Activity","840","Exo Travel","","67614","Private/Special Activity","NO","","","","","12","Per Person Per Day","6","Season 01","Nov  1 2015 12:00:00:000AM","Oct 31 2016 12:00:00:000AM","32887","Exostissimo Act (1st Nov 15 - 31st Oct 16)","33093","Exostissimo Act (1st Nov 15 - 31st Oct 16)","Nov  1 2015 12:00:00:000AM","Oct 31 2016 12:00:00:000AM","THB","NO","1","1","1","1","1","1","1","1","1","344","26.0215","465",
"Huay Xai / Mekong","41520","FD-Boat trip from Huay Xai to Pakbeng with Village visits","Activity","840","Exo Travel","","67614","Private/Special Activity","NO","","","","","12","Per Person Per Day","6","Season 01","Nov  1 2015 12:00:00:000AM","Oct 31 2016 12:00:00:000AM","32887","Exostissimo Act (1st Nov 15 - 31st Oct 16)","33093","Exostissimo Act (1st Nov 15 - 31st Oct 16)","Nov  1 2015 12:00:00:000AM","Oct 31 2016 12:00:00:000AM","THB","NO","1","1","1","1","1","1","1","2","2","164","26.1261","222",
"Huay Xai / Mekong","41520","FD-Boat trip from Huay Xai to Pakbeng with Village visits","Activity","840","Exo Travel","","67614","Private/Special Activity","NO","","","","","12","Per Person Per Day","6","Season 01","Nov  1 2015 12:00:00:000AM","Oct 31 2016 12:00:00:000AM","32887","Exostissimo Act (1st Nov 15 - 31st Oct 16)","33093","Exostissimo Act (1st Nov 15 - 31st Oct 16)","Nov  1 2015 12:00:00:000AM","Oct 31 2016 12:00:00:000AM","THB","NO","1","1","1","1","1","1","1","3","4","107","26.2068","145",
"Huay Xai / Mekong","41520","FD-Boat trip from Huay Xai to Pakbeng with Village visits","Activity","840","Exo Travel","","67614","Private/Special Activity","NO","","","","","12","Per Person Per Day","6","Season 01","Nov  1 2015 12:00:00:000AM","Oct 31 2016 12:00:00:000AM","32887","Exostissimo Act (1st Nov 15 - 31st Oct 16)","33093","Exostissimo Act (1st Nov 15 - 31st Oct 16)","Nov  1 2015 12:00:00:000AM","Oct 31 2016 12:00:00:000AM","THB","NO","1","1","1","1","1","1","1","5","6","57","26.923","78",
"Huay Xai / Mekong","41520","FD-Boat trip from Huay Xai to Pakbeng with Village visits","Activity","840","Exo Travel","","67614","Private/Special Activity","NO","","","","","12","Per Person Per Day","6","Season 01","Nov  1 2016 12:00:00:000AM","Oct 31 2020 12:00:00:000AM","32890","Pro-Exostissimo Act (1st Nov 16 - 31st Oct 20)","33096","Pro-Exostissimo Act (1st Nov 16 - 31st Oct 20)","Nov  1 2016 12:00:00:000AM","Oct 31 2020 12:00:00:000AM","THB","NO","1","1","1","1","1","1","1","1","1","369","26.0521","499",
"Huay Xai / Mekong","41520","FD-Boat trip from Huay Xai to Pakbeng with Village visits","Activity","840","Exo Travel","","67614","Private/Special Activity","NO","","","","","12","Per Person Per Day","6","Season 01","Nov  1 2016 12:00:00:000AM","Oct 31 2020 12:00:00:000AM","32890","Pro-Exostissimo Act (1st Nov 16 - 31st Oct 20)","33096","Pro-Exostissimo Act (1st Nov 16 - 31st Oct 20)","Nov  1 2016 12:00:00:000AM","Oct 31 2020 12:00:00:000AM","THB","NO","1","1","1","1","1","1","1","2","2","176","26.0504","238",
"Huay Xai / Mekong","41520","FD-Boat trip from Huay Xai to Pakbeng with Village visits","Activity","840","Exo Travel","","67614","Private/Special Activity","NO","","","","","12","Per Person Per Day","6","Season 01","Nov  1 2016 12:00:00:000AM","Oct 31 2020 12:00:00:000AM","32890","Pro-Exostissimo Act (1st Nov 16 - 31st Oct 20)","33096","Pro-Exostissimo Act (1st Nov 16 - 31st Oct 20)","Nov  1 2016 12:00:00:000AM","Oct 31 2020 12:00:00:000AM","THB","NO","1","1","1","1","1","1","1","3","4","115","26.282","156",
"Huay Xai / Mekong","41520","FD-Boat trip from Huay Xai to Pakbeng with Village visits","Activity","840","Exo Travel","","67614","Private/Special Activity","NO","","","","","12","Per Person Per Day","6","Season 01","Nov  1 2016 12:00:00:000AM","Oct 31 2020 12:00:00:000AM","32890","Pro-Exostissimo Act (1st Nov 16 - 31st Oct 20)","33096","Pro-Exostissimo Act (1st Nov 16 - 31st Oct 20)","Nov  1 2016 12:00:00:000AM","Oct 31 2020 12:00:00:000AM","THB","NO","1","1","1","1","1","1","1","5","6","61","26.506","83",
"Phnom Penh","659","Drive from Phnom Penh to Battambang","Drive","1","Trails of Indochina","","2118","Drive","NO","","","","","12","Per Person Per Day","6","Season 01","Nov  1 2015 12:00:00:000AM","Oct 31 2016 12:00:00:000AM","33576","*Cambodia Land Tariff (1st Nov 15 - 31st Oct 16)","33808","Cambodia Land Tariff (1st Nov 15 - 31st Oct 16)","Nov  1 2015 12:00:00:000AM","Oct 31 2016 12:00:00:000AM","USD","NO","1","1","1","1","1","1","1","1","1","250","26.0355","338",
"Phnom Penh","659","Drive from Phnom Penh to Battambang","Drive","1","Trails of Indochina","","2118","Drive","NO","","","","","12","Per Person Per Day","6","Season 01","Nov  1 2015 12:00:00:000AM","Oct 31 2016 12:00:00:000AM","33576","*Cambodia Land Tariff (1st Nov 15 - 31st Oct 16)","33808","Cambodia Land Tariff (1st Nov 15 - 31st Oct 16)","Nov  1 2015 12:00:00:000AM","Oct 31 2016 12:00:00:000AM","USD","NO","1","1","1","1","1","1","1","2","2","130","26.1363","176",
"Phnom Penh","659","Drive from Phnom Penh to Battambang","Drive","1","Trails of Indochina","","2118","Drive","NO","","","","","12","Per Person Per Day","6","Season 01","Nov  1 2015 12:00:00:000AM","Oct 31 2016 12:00:00:000AM","33576","*Cambodia Land Tariff (1st Nov 15 - 31st Oct 16)","33808","Cambodia Land Tariff (1st Nov 15 - 31st Oct 16)","Nov  1 2015 12:00:00:000AM","Oct 31 2016 12:00:00:000AM","USD","NO","1","1","1","1","1","1","1","3","3","93","26.1904","126",
"Phnom Penh","659","Drive from Phnom Penh to Battambang","Drive","1","Trails of Indochina","","2118","Drive","NO","","","","","12","Per Person Per Day","6","Season 01","Nov  1 2015 12:00:00:000AM","Oct 31 2016 12:00:00:000AM","33576","*Cambodia Land Tariff (1st Nov 15 - 31st Oct 16)","33808","Cambodia Land Tariff (1st Nov 15 - 31st Oct 16)","Nov  1 2015 12:00:00:000AM","Oct 31 2016 12:00:00:000AM","USD","NO","1","1","1","1","1","1","1","4","4","71","26.0416","96",
"Phnom Penh","659","Drive from Phnom Penh to Battambang","Drive","1","Trails of Indochina","","2118","Drive","NO","","","","","12","Per Person Per Day","6","Season 01","Nov  1 2015 12:00:00:000AM","Oct 31 2016 12:00:00:000AM","33576","*Cambodia Land Tariff (1st Nov 15 - 31st Oct 16)","33808","Cambodia Land Tariff (1st Nov 15 - 31st Oct 16)","Nov  1 2015 12:00:00:000AM","Oct 31 2016 12:00:00:000AM","USD","NO","1","1","1","1","1","1","1","5","5","57","26.923","78",
"Phnom Penh","659","Drive from Phnom Penh to Battambang","Drive","1","Trails of Indochina","","2118","Drive","NO","","","","","12","Per Person Per Day","6","Season 01","Nov  1 2015 12:00:00:000AM","Oct 31 2016 12:00:00:000AM","33576","*Cambodia Land Tariff (1st Nov 15 - 31st Oct 16)","33808","Cambodia Land Tariff (1st Nov 15 - 31st Oct 16)","Nov  1 2015 12:00:00:000AM","Oct 31 2016 12:00:00:000AM","USD","NO","1","1","1","1","1","1","1","6","6","49","26.8656","67",
"Phnom Penh","659","Drive from Phnom Penh to Battambang","Drive","1","Trails of Indochina","","2118","Drive","NO","","","","","12","Per Person Per Day","6","Season 01","Nov  1 2015 12:00:00:000AM","Oct 31 2016 12:00:00:000AM","33576","*Cambodia Land Tariff (1st Nov 15 - 31st Oct 16)","33808","Cambodia Land Tariff (1st Nov 15 - 31st Oct 16)","Nov  1 2015 12:00:00:000AM","Oct 31 2016 12:00:00:000AM","USD","NO","1","1","1","1","1","1","1","7","7","48","26.1538","65",
"Phnom Penh","659","Drive from Phnom Penh to Battambang","Drive","1","Trails of Indochina","","2118","Drive","NO","","","","","12","Per Person Per Day","6","Season 01","Nov  1 2015 12:00:00:000AM","Oct 31 2016 12:00:00:000AM","33576","*Cambodia Land Tariff (1st Nov 15 - 31st Oct 16)","33808","Cambodia Land Tariff (1st Nov 15 - 31st Oct 16)","Nov  1 2015 12:00:00:000AM","Oct 31 2016 12:00:00:000AM","USD","NO","1","1","1","1","1","1","1","8","8","43","27.1186","59",
"Phnom Penh","659","Drive from Phnom Penh to Battambang","Drive","1","Trails of Indochina","","2118","Drive","NO","","","","","12","Per Person Per Day","6","Season 01","Nov  1 2015 12:00:00:000AM","Oct 31 2016 12:00:00:000AM","33576","*Cambodia Land Tariff (1st Nov 15 - 31st Oct 16)","33808","Cambodia Land Tariff (1st Nov 15 - 31st Oct 16)","Nov  1 2015 12:00:00:000AM","Oct 31 2016 12:00:00:000AM","USD","NO","1","1","1","1","1","1","1","9","9","40","27.2727","55",
"Phnom Penh","659","Drive from Phnom Penh to Battambang","Drive","1","Trails of Indochina","","2118","Drive","NO","","","","","12","Per Person Per Day","6","Season 01","Nov  1 2015 12:00:00:000AM","Oct 31 2016 12:00:00:000AM","33576","*Cambodia Land Tariff (1st Nov 15 - 31st Oct 16)","33808","Cambodia Land Tariff (1st Nov 15 - 31st Oct 16)","Nov  1 2015 12:00:00:000AM","Oct 31 2016 12:00:00:000AM","USD","NO","1","1","1","1","1","1","1","10","10","34","26.0869","46",
"Phnom Penh","659","Drive from Phnom Penh to Battambang","Drive","1","Trails of Indochina","","2118","Drive","NO","","","","","12","Per Person Per Day","6","Season 01","Nov  1 2015 12:00:00:000AM","Oct 31 2016 12:00:00:000AM","33576","*Cambodia Land Tariff (1st Nov 15 - 31st Oct 16)","33808","Cambodia Land Tariff (1st Nov 15 - 31st Oct 16)","Nov  1 2015 12:00:00:000AM","Oct 31 2016 12:00:00:000AM","USD","NO","1","1","1","1","1","1","1","11","14","32","27.2727","44",
"Phnom Penh","659","Drive from Phnom Penh to Battambang","Drive","1","Trails of Indochina","","2118","Drive","NO","","","","","12","Per Person Per Day","6","Season 01","Nov  1 2016 12:00:00:000AM","Dec 31 2020 12:00:00:000AM","33577","*Pro-Cambodia Land Tariff (1st Nov 16 - 31st Dec 20)","33809","Pro-Cambodia Land Tariff (1st Nov 16 - 31st Dec 20","Nov  1 2016 12:00:00:000AM","Dec 31 2020 12:00:00:000AM","USD","NO","1","1","1","1","1","1","1","1","1","268","26.1707","363",
"Phnom Penh","659","Drive from Phnom Penh to Battambang","Drive","1","Trails of Indochina","","2118","Drive","NO","","","","","12","Per Person Per Day","6","Season 01","Nov  1 2016 12:00:00:000AM","Dec 31 2020 12:00:00:000AM","33577","*Pro-Cambodia Land Tariff (1st Nov 16 - 31st Dec 20)","33809","Pro-Cambodia Land Tariff (1st Nov 16 - 31st Dec 20","Nov  1 2016 12:00:00:000AM","Dec 31 2020 12:00:00:000AM","USD","NO","1","1","1","1","1","1","1","2","2","140","26.3157","190",
"Phnom Penh","659","Drive from Phnom Penh to Battambang","Drive","1","Trails of Indochina","","2118","Drive","NO","","","","","12","Per Person Per Day","6","Season 01","Nov  1 2016 12:00:00:000AM","Dec 31 2020 12:00:00:000AM","33577","*Pro-Cambodia Land Tariff (1st Nov 16 - 31st Dec 20)","33809","Pro-Cambodia Land Tariff (1st Nov 16 - 31st Dec 20","Nov  1 2016 12:00:00:000AM","Dec 31 2020 12:00:00:000AM","USD","NO","1","1","1","1","1","1","1","3","3","100","26.4705","136",
"Phnom Penh","659","Drive from Phnom Penh to Battambang","Drive","1","Trails of Indochina","","2118","Drive","NO","","","","","12","Per Person Per Day","6","Season 01","Nov  1 2016 12:00:00:000AM","Dec 31 2020 12:00:00:000AM","33577","*Pro-Cambodia Land Tariff (1st Nov 16 - 31st Dec 20)","33809","Pro-Cambodia Land Tariff (1st Nov 16 - 31st Dec 20","Nov  1 2016 12:00:00:000AM","Dec 31 2020 12:00:00:000AM","USD","NO","1","1","1","1","1","1","1","4","4","76","26.2135","103",
"Phnom Penh","659","Drive from Phnom Penh to Battambang","Drive","1","Trails of Indochina","","2118","Drive","NO","","","","","12","Per Person Per Day","6","Season 01","Nov  1 2016 12:00:00:000AM","Dec 31 2020 12:00:00:000AM","33577","*Pro-Cambodia Land Tariff (1st Nov 16 - 31st Dec 20)","33809","Pro-Cambodia Land Tariff (1st Nov 16 - 31st Dec 20","Nov  1 2016 12:00:00:000AM","Dec 31 2020 12:00:00:000AM","USD","NO","1","1","1","1","1","1","1","5","5","61","26.506","83",
"Phnom Penh","659","Drive from Phnom Penh to Battambang","Drive","1","Trails of Indochina","","2118","Drive","NO","","","","","12","Per Person Per Day","6","Season 01","Nov  1 2016 12:00:00:000AM","Dec 31 2020 12:00:00:000AM","33577","*Pro-Cambodia Land Tariff (1st Nov 16 - 31st Dec 20)","33809","Pro-Cambodia Land Tariff (1st Nov 16 - 31st Dec 20","Nov  1 2016 12:00:00:000AM","Dec 31 2020 12:00:00:000AM","USD","NO","1","1","1","1","1","1","1","6","6","53","26.3888","72",
"Phnom Penh","659","Drive from Phnom Penh to Battambang","Drive","1","Trails of Indochina","","2118","Drive","NO","","","","","12","Per Person Per Day","6","Season 01","Nov  1 2016 12:00:00:000AM","Dec 31 2020 12:00:00:000AM","33577","*Pro-Cambodia Land Tariff (1st Nov 16 - 31st Dec 20)","33809","Pro-Cambodia Land Tariff (1st Nov 16 - 31st Dec 20","Nov  1 2016 12:00:00:000AM","Dec 31 2020 12:00:00:000AM","USD","NO","1","1","1","1","1","1","1","7","7","52","26.7605","71",
"Phnom Penh","659","Drive from Phnom Penh to Battambang","Drive","1","Trails of Indochina","","2118","Drive","NO","","","","","12","Per Person Per Day","6","Season 01","Nov  1 2016 12:00:00:000AM","Dec 31 2020 12:00:00:000AM","33577","*Pro-Cambodia Land Tariff (1st Nov 16 - 31st Dec 20)","33809","Pro-Cambodia Land Tariff (1st Nov 16 - 31st Dec 20","Nov  1 2016 12:00:00:000AM","Dec 31 2020 12:00:00:000AM","USD","NO","1","1","1","1","1","1","1","8","8","47","26.5625","64",
"Phnom Penh","659","Drive from Phnom Penh to Battambang","Drive","1","Trails of Indochina","","2118","Drive","NO","","","","","12","Per Person Per Day","6","Season 01","Nov  1 2016 12:00:00:000AM","Dec 31 2020 12:00:00:000AM","33577","*Pro-Cambodia Land Tariff (1st Nov 16 - 31st Dec 20)","33809","Pro-Cambodia Land Tariff (1st Nov 16 - 31st Dec 20","Nov  1 2016 12:00:00:000AM","Dec 31 2020 12:00:00:000AM","USD","NO","1","1","1","1","1","1","1","9","9","43","27.1186","59",
"Phnom Penh","659","Drive from Phnom Penh to Battambang","Drive","1","Trails of Indochina","","2118","Drive","NO","","","","","12","Per Person Per Day","6","Season 01","Nov  1 2016 12:00:00:000AM","Dec 31 2020 12:00:00:000AM","33577","*Pro-Cambodia Land Tariff (1st Nov 16 - 31st Dec 20)","33809","Pro-Cambodia Land Tariff (1st Nov 16 - 31st Dec 20","Nov  1 2016 12:00:00:000AM","Dec 31 2020 12:00:00:000AM","USD","NO","1","1","1","1","1","1","1","10","10","37","26","50",
"Phnom Penh","659","Drive from Phnom Penh to Battambang","Drive","1","Trails of Indochina","","2118","Drive","NO","","","","","12","Per Person Per Day","6","Season 01","Nov  1 2016 12:00:00:000AM","Dec 31 2020 12:00:00:000AM","33577","*Pro-Cambodia Land Tariff (1st Nov 16 - 31st Dec 20)","33809","Pro-Cambodia Land Tariff (1st Nov 16 - 31st Dec 20","Nov  1 2016 12:00:00:000AM","Dec 31 2020 12:00:00:000AM","USD","NO","1","1","1","1","1","1","1","11","14","35","27.0833","48",
"Siem Reap","657","Drive from Siem Reap to Battambang","Drive","1","Trails of Indochina","","2116","Drive","NO","","","","","28","Per Person 1 Way","6","Season 01","Nov  1 2014 12:00:00:000AM","Oct 31 2015 12:00:00:000AM","22878","Cambodia Land Tariff (1st Nov 14 - 31st Oct 15)","23006","Cambodia Land Tariff (1st Nov 14-31st Oct 15)","Nov  1 2014 12:00:00:000AM","Oct 31 2015 12:00:00:000AM","USD","NO","1","1","1","1","1","1","1","1","1","218","26.1016","295",
"Siem Reap","657","Drive from Siem Reap to Battambang","Drive","1","Trails of Indochina","","2116","Drive","NO","","","","","28","Per Person 1 Way","6","Season 01","Nov  1 2014 12:00:00:000AM","Oct 31 2015 12:00:00:000AM","22878","Cambodia Land Tariff (1st Nov 14 - 31st Oct 15)","23006","Cambodia Land Tariff (1st Nov 14-31st Oct 15)","Nov  1 2014 12:00:00:000AM","Oct 31 2015 12:00:00:000AM","USD","NO","1","1","1","1","1","1","1","2","2","111","26","150",
"Siem Reap","657","Drive from Siem Reap to Battambang","Drive","1","Trails of Indochina","","2116","Drive","NO","","","","","28","Per Person 1 Way","6","Season 01","Nov  1 2014 12:00:00:000AM","Oct 31 2015 12:00:00:000AM","22878","Cambodia Land Tariff (1st Nov 14 - 31st Oct 15)","23006","Cambodia Land Tariff (1st Nov 14-31st Oct 15)","Nov  1 2014 12:00:00:000AM","Oct 31 2015 12:00:00:000AM","USD","NO","1","1","1","1","1","1","1","3","3","83","26.5486","113",
"Siem Reap","657","Drive from Siem Reap to Battambang","Drive","1","Trails of Indochina","","2116","Drive","NO","","","","","28","Per Person 1 Way","6","Season 01","Nov  1 2014 12:00:00:000AM","Oct 31 2015 12:00:00:000AM","22878","Cambodia Land Tariff (1st Nov 14 - 31st Oct 15)","23006","Cambodia Land Tariff (1st Nov 14-31st Oct 15)","Nov  1 2014 12:00:00:000AM","Oct 31 2015 12:00:00:000AM","USD","NO","1","1","1","1","1","1","1","4","4","63","26.7441","86",
"Siem Reap","657","Drive from Siem Reap to Battambang","Drive","1","Trails of Indochina","","2116","Drive","NO","","","","","28","Per Person 1 Way","6","Season 01","Nov  1 2014 12:00:00:000AM","Oct 31 2015 12:00:00:000AM","22878","Cambodia Land Tariff (1st Nov 14 - 31st Oct 15)","23006","Cambodia Land Tariff (1st Nov 14-31st Oct 15)","Nov  1 2014 12:00:00:000AM","Oct 31 2015 12:00:00:000AM","USD","NO","1","1","1","1","1","1","1","5","5","51","26.0869","69",
"Siem Reap","657","Drive from Siem Reap to Battambang","Drive","1","Trails of Indochina","","2116","Drive","NO","","","","","28","Per Person 1 Way","6","Season 01","Nov  1 2014 12:00:00:000AM","Oct 31 2015 12:00:00:000AM","22878","Cambodia Land Tariff (1st Nov 14 - 31st Oct 15)","23006","Cambodia Land Tariff (1st Nov 14-31st Oct 15)","Nov  1 2014 12:00:00:000AM","Oct 31 2015 12:00:00:000AM","USD","NO","1","1","1","1","1","1","1","6","7","43","27.1186","59",
"Siem Reap","657","Drive from Siem Reap to Battambang","Drive","1","Trails of Indochina","","2116","Drive","NO","","","","","28","Per Person 1 Way","6","Season 01","Nov  1 2014 12:00:00:000AM","Oct 31 2015 12:00:00:000AM","22878","Cambodia Land Tariff (1st Nov 14 - 31st Oct 15)","23006","Cambodia Land Tariff (1st Nov 14-31st Oct 15)","Nov  1 2014 12:00:00:000AM","Oct 31 2015 12:00:00:000AM","USD","NO","1","1","1","1","1","1","1","8","8","38","26.923","52",
"Siem Reap","657","Drive from Siem Reap to Battambang","Drive","1","Trails of Indochina","","2116","Drive","NO","","","","","28","Per Person 1 Way","6","Season 01","Nov  1 2014 12:00:00:000AM","Oct 31 2015 12:00:00:000AM","22878","Cambodia Land Tariff (1st Nov 14 - 31st Oct 15)","23006","Cambodia Land Tariff (1st Nov 14-31st Oct 15)","Nov  1 2014 12:00:00:000AM","Oct 31 2015 12:00:00:000AM","USD","NO","1","1","1","1","1","1","1","9","9","34","26.0869","46",
"Siem Reap","657","Drive from Siem Reap to Battambang","Drive","1","Trails of Indochina","","2116","Drive","NO","","","","","28","Per Person 1 Way","6","Season 01","Nov  1 2014 12:00:00:000AM","Oct 31 2015 12:00:00:000AM","22878","Cambodia Land Tariff (1st Nov 14 - 31st Oct 15)","23006","Cambodia Land Tariff (1st Nov 14-31st Oct 15)","Nov  1 2014 12:00:00:000AM","Oct 31 2015 12:00:00:000AM","USD","NO","1","1","1","1","1","1","1","10","10","31","26.1904","42",
"Siem Reap","657","Drive from Siem Reap to Battambang","Drive","1","Trails of Indochina","","2116","Drive","NO","","","","","28","Per Person 1 Way","6","Season 01","Nov  1 2014 12:00:00:000AM","Oct 31 2015 12:00:00:000AM","22878","Cambodia Land Tariff (1st Nov 14 - 31st Oct 15)","23006","Cambodia Land Tariff (1st Nov 14-31st Oct 15)","Nov  1 2014 12:00:00:000AM","Oct 31 2015 12:00:00:000AM","USD","NO","1","1","1","1","1","1","1","11","15","29","27.5","40",
"Siem Reap","657","Drive from Siem Reap to Battambang","Drive","1","Trails of Indochina","","2116","Drive","NO","","","","","28","Per Person 1 Way","6","Season 01","Nov  1 2015 12:00:00:000AM","Oct 31 2016 12:00:00:000AM","33576","*Cambodia Land Tariff (1st Nov 15 - 31st Oct 16)","33808","Cambodia Land Tariff (1st Nov 15 - 31st Oct 16)","Nov  1 2015 12:00:00:000AM","Oct 31 2016 12:00:00:000AM","USD","NO","1","1","1","1","1","1","1","1","1","250","26.0355","338",
"Siem Reap","657","Drive from Siem Reap to Battambang","Drive","1","Trails of Indochina","","2116","Drive","NO","","","","","28","Per Person 1 Way","6","Season 01","Nov  1 2015 12:00:00:000AM","Oct 31 2016 12:00:00:000AM","33576","*Cambodia Land Tariff (1st Nov 15 - 31st Oct 16)","33808","Cambodia Land Tariff (1st Nov 15 - 31st Oct 16)","Nov  1 2015 12:00:00:000AM","Oct 31 2016 12:00:00:000AM","USD","NO","1","1","1","1","1","1","1","2","2","130","26.1363","176",
"Siem Reap","657","Drive from Siem Reap to Battambang","Drive","1","Trails of Indochina","","2116","Drive","NO","","","","","28","Per Person 1 Way","6","Season 01","Nov  1 2015 12:00:00:000AM","Oct 31 2016 12:00:00:000AM","33576","*Cambodia Land Tariff (1st Nov 15 - 31st Oct 16)","33808","Cambodia Land Tariff (1st Nov 15 - 31st Oct 16)","Nov  1 2015 12:00:00:000AM","Oct 31 2016 12:00:00:000AM","USD","NO","1","1","1","1","1","1","1","3","3","93","26.1904","126",
"Siem Reap","657","Drive from Siem Reap to Battambang","Drive","1","Trails of Indochina","","2116","Drive","NO","","","","","28","Per Person 1 Way","6","Season 01","Nov  1 2015 12:00:00:000AM","Oct 31 2016 12:00:00:000AM","33576","*Cambodia Land Tariff (1st Nov 15 - 31st Oct 16)","33808","Cambodia Land Tariff (1st Nov 15 - 31st Oct 16)","Nov  1 2015 12:00:00:000AM","Oct 31 2016 12:00:00:000AM","USD","NO","1","1","1","1","1","1","1","4","4","71","26.0416","96",
"Siem Reap","657","Drive from Siem Reap to Battambang","Drive","1","Trails of Indochina","","2116","Drive","NO","","","","","28","Per Person 1 Way","6","Season 01","Nov  1 2015 12:00:00:000AM","Oct 31 2016 12:00:00:000AM","33576","*Cambodia Land Tariff (1st Nov 15 - 31st Oct 16)","33808","Cambodia Land Tariff (1st Nov 15 - 31st Oct 16)","Nov  1 2015 12:00:00:000AM","Oct 31 2016 12:00:00:000AM","USD","NO","1","1","1","1","1","1","1","5","5","57","26.923","78",
"Siem Reap","657","Drive from Siem Reap to Battambang","Drive","1","Trails of Indochina","","2116","Drive","NO","","","","","28","Per Person 1 Way","6","Season 01","Nov  1 2015 12:00:00:000AM","Oct 31 2016 12:00:00:000AM","33576","*Cambodia Land Tariff (1st Nov 15 - 31st Oct 16)","33808","Cambodia Land Tariff (1st Nov 15 - 31st Oct 16)","Nov  1 2015 12:00:00:000AM","Oct 31 2016 12:00:00:000AM","USD","NO","1","1","1","1","1","1","1","6","6","49","26.8656","67",
"Siem Reap","657","Drive from Siem Reap to Battambang","Drive","1","Trails of Indochina","","2116","Drive","NO","","","","","28","Per Person 1 Way","6","Season 01","Nov  1 2015 12:00:00:000AM","Oct 31 2016 12:00:00:000AM","33576","*Cambodia Land Tariff (1st Nov 15 - 31st Oct 16)","33808","Cambodia Land Tariff (1st Nov 15 - 31st Oct 16)","Nov  1 2015 12:00:00:000AM","Oct 31 2016 12:00:00:000AM","USD","NO","1","1","1","1","1","1","1","7","7","48","26.1538","65",
"Siem Reap","657","Drive from Siem Reap to Battambang","Drive","1","Trails of Indochina","","2116","Drive","NO","","","","","28","Per Person 1 Way","6","Season 01","Nov  1 2015 12:00:00:000AM","Oct 31 2016 12:00:00:000AM","33576","*Cambodia Land Tariff (1st Nov 15 - 31st Oct 16)","33808","Cambodia Land Tariff (1st Nov 15 - 31st Oct 16)","Nov  1 2015 12:00:00:000AM","Oct 31 2016 12:00:00:000AM","USD","NO","1","1","1","1","1","1","1","8","8","43","27.1186","59",
"Siem Reap","657","Drive from Siem Reap to Battambang","Drive","1","Trails of Indochina","","2116","Drive","NO","","","","","28","Per Person 1 Way","6","Season 01","Nov  1 2015 12:00:00:000AM","Oct 31 2016 12:00:00:000AM","33576","*Cambodia Land Tariff (1st Nov 15 - 31st Oct 16)","33808","Cambodia Land Tariff (1st Nov 15 - 31st Oct 16)","Nov  1 2015 12:00:00:000AM","Oct 31 2016 12:00:00:000AM","USD","NO","1","1","1","1","1","1","1","9","9","40","27.2727","55",
"Siem Reap","657","Drive from Siem Reap to Battambang","Drive","1","Trails of Indochina","","2116","Drive","NO","","","","","28","Per Person 1 Way","6","Season 01","Nov  1 2015 12:00:00:000AM","Oct 31 2016 12:00:00:000AM","33576","*Cambodia Land Tariff (1st Nov 15 - 31st Oct 16)","33808","Cambodia Land Tariff (1st Nov 15 - 31st Oct 16)","Nov  1 2015 12:00:00:000AM","Oct 31 2016 12:00:00:000AM","USD","NO","1","1","1","1","1","1","1","10","10","34","26.0869","46",
"Siem Reap","657","Drive from Siem Reap to Battambang","Drive","1","Trails of Indochina","","2116","Drive","NO","","","","","28","Per Person 1 Way","6","Season 01","Nov  1 2015 12:00:00:000AM","Oct 31 2016 12:00:00:000AM","33576","*Cambodia Land Tariff (1st Nov 15 - 31st Oct 16)","33808","Cambodia Land Tariff (1st Nov 15 - 31st Oct 16)","Nov  1 2015 12:00:00:000AM","Oct 31 2016 12:00:00:000AM","USD","NO","1","1","1","1","1","1","1","11","14","32","27.2727","44",
"Siem Reap","657","Drive from Siem Reap to Battambang","Drive","1","Trails of Indochina","","2116","Drive","NO","","","","","28","Per Person 1 Way","6","Season 01","Nov  1 2016 12:00:00:000AM","Dec 31 2020 12:00:00:000AM","33577","*Pro-Cambodia Land Tariff (1st Nov 16 - 31st Dec 20)","33809","Pro-Cambodia Land Tariff (1st Nov 16 - 31st Dec 20","Nov  1 2016 12:00:00:000AM","Dec 31 2020 12:00:00:000AM","USD","NO","1","1","1","1","1","1","1","1","1","268","26.1707","363",
"Siem Reap","657","Drive from Siem Reap to Battambang","Drive","1","Trails of Indochina","","2116","Drive","NO","","","","","28","Per Person 1 Way","6","Season 01","Nov  1 2016 12:00:00:000AM","Dec 31 2020 12:00:00:000AM","33577","*Pro-Cambodia Land Tariff (1st Nov 16 - 31st Dec 20)","33809","Pro-Cambodia Land Tariff (1st Nov 16 - 31st Dec 20","Nov  1 2016 12:00:00:000AM","Dec 31 2020 12:00:00:000AM","USD","NO","1","1","1","1","1","1","1","2","2","140","26.3157","190",
"Siem Reap","657","Drive from Siem Reap to Battambang","Drive","1","Trails of Indochina","","2116","Drive","NO","","","","","28","Per Person 1 Way","6","Season 01","Nov  1 2016 12:00:00:000AM","Dec 31 2020 12:00:00:000AM","33577","*Pro-Cambodia Land Tariff (1st Nov 16 - 31st Dec 20)","33809","Pro-Cambodia Land Tariff (1st Nov 16 - 31st Dec 20","Nov  1 2016 12:00:00:000AM","Dec 31 2020 12:00:00:000AM","USD","NO","1","1","1","1","1","1","1","3","3","100","26.4705","136",
"Siem Reap","657","Drive from Siem Reap to Battambang","Drive","1","Trails of Indochina","","2116","Drive","NO","","","","","28","Per Person 1 Way","6","Season 01","Nov  1 2016 12:00:00:000AM","Dec 31 2020 12:00:00:000AM","33577","*Pro-Cambodia Land Tariff (1st Nov 16 - 31st Dec 20)","33809","Pro-Cambodia Land Tariff (1st Nov 16 - 31st Dec 20","Nov  1 2016 12:00:00:000AM","Dec 31 2020 12:00:00:000AM","USD","NO","1","1","1","1","1","1","1","4","4","76","26.2135","103",
"Siem Reap","657","Drive from Siem Reap to Battambang","Drive","1","Trails of Indochina","","2116","Drive","NO","","","","","28","Per Person 1 Way","6","Season 01","Nov  1 2016 12:00:00:000AM","Dec 31 2020 12:00:00:000AM","33577","*Pro-Cambodia Land Tariff (1st Nov 16 - 31st Dec 20)","33809","Pro-Cambodia Land Tariff (1st Nov 16 - 31st Dec 20","Nov  1 2016 12:00:00:000AM","Dec 31 2020 12:00:00:000AM","USD","NO","1","1","1","1","1","1","1","5","5","61","26.506","83",
"Siem Reap","657","Drive from Siem Reap to Battambang","Drive","1","Trails of Indochina","","2116","Drive","NO","","","","","28","Per Person 1 Way","6","Season 01","Nov  1 2016 12:00:00:000AM","Dec 31 2020 12:00:00:000AM","33577","*Pro-Cambodia Land Tariff (1st Nov 16 - 31st Dec 20)","33809","Pro-Cambodia Land Tariff (1st Nov 16 - 31st Dec 20","Nov  1 2016 12:00:00:000AM","Dec 31 2020 12:00:00:000AM","USD","NO","1","1","1","1","1","1","1","6","6","53","26.3888","72",
"Siem Reap","657","Drive from Siem Reap to Battambang","Drive","1","Trails of Indochina","","2116","Drive","NO","","","","","28","Per Person 1 Way","6","Season 01","Nov  1 2016 12:00:00:000AM","Dec 31 2020 12:00:00:000AM","33577","*Pro-Cambodia Land Tariff (1st Nov 16 - 31st Dec 20)","33809","Pro-Cambodia Land Tariff (1st Nov 16 - 31st Dec 20","Nov  1 2016 12:00:00:000AM","Dec 31 2020 12:00:00:000AM","USD","NO","1","1","1","1","1","1","1","7","7","52","26.7605","71",
"Siem Reap","657","Drive from Siem Reap to Battambang","Drive","1","Trails of Indochina","","2116","Drive","NO","","","","","28","Per Person 1 Way","6","Season 01","Nov  1 2016 12:00:00:000AM","Dec 31 2020 12:00:00:000AM","33577","*Pro-Cambodia Land Tariff (1st Nov 16 - 31st Dec 20)","33809","Pro-Cambodia Land Tariff (1st Nov 16 - 31st Dec 20","Nov  1 2016 12:00:00:000AM","Dec 31 2020 12:00:00:000AM","USD","NO","1","1","1","1","1","1","1","8","8","47","26.5625","64",
"Siem Reap","657","Drive from Siem Reap to Battambang","Drive","1","Trails of Indochina","","2116","Drive","NO","","","","","28","Per Person 1 Way","6","Season 01","Nov  1 2016 12:00:00:000AM","Dec 31 2020 12:00:00:000AM","33577","*Pro-Cambodia Land Tariff (1st Nov 16 - 31st Dec 20)","33809","Pro-Cambodia Land Tariff (1st Nov 16 - 31st Dec 20","Nov  1 2016 12:00:00:000AM","Dec 31 2020 12:00:00:000AM","USD","NO","1","1","1","1","1","1","1","9","9","43","27.1186","59",
"Siem Reap","657","Drive from Siem Reap to Battambang","Drive","1","Trails of Indochina","","2116","Drive","NO","","","","","28","Per Person 1 Way","6","Season 01","Nov  1 2016 12:00:00:000AM","Dec 31 2020 12:00:00:000AM","33577","*Pro-Cambodia Land Tariff (1st Nov 16 - 31st Dec 20)","33809","Pro-Cambodia Land Tariff (1st Nov 16 - 31st Dec 20","Nov  1 2016 12:00:00:000AM","Dec 31 2020 12:00:00:000AM","USD","NO","1","1","1","1","1","1","1","10","10","37","26","50",
"Siem Reap","657","Drive from Siem Reap to Battambang","Drive","1","Trails of Indochina","","2116","Drive","NO","","","","","28","Per Person 1 Way","6","Season 01","Nov  1 2016 12:00:00:000AM","Dec 31 2020 12:00:00:000AM","33577","*Pro-Cambodia Land Tariff (1st Nov 16 - 31st Dec 20)","33809","Pro-Cambodia Land Tariff (1st Nov 16 - 31st Dec 20","Nov  1 2016 12:00:00:000AM","Dec 31 2020 12:00:00:000AM","USD","NO","1","1","1","1","1","1","1","11","14","35","27.0833","48",
"Siem Reap","1795","HD-Visit To Tonle Sap Lake On Boat","Activity","1","Trails of Indochina","","5331","Private/Special Activity","NO","","","","","28","Per Person 1 Way","6","Season 01","Nov  1 2014 12:00:00:000AM","Oct 31 2015 12:00:00:000AM","13775","CombodiaLandTarif(1st Nov 2014-31st Oct 2015)","13870","CombodiaLandTarif(1st Nov 2014-31st Oct 2015)","Nov  1 2014 12:00:00:000AM","Oct 31 2015 12:00:00:000AM","USD","NO","1","1","1","1","1","1","1","1","1","58","26.5822","79",
"Siem Reap","1795","HD-Visit To Tonle Sap Lake On Boat","Activity","1","Trails of Indochina","","5331","Private/Special Activity","NO","","","","","28","Per Person 1 Way","6","Season 01","Nov  1 2014 12:00:00:000AM","Oct 31 2015 12:00:00:000AM","13775","CombodiaLandTarif(1st Nov 2014-31st Oct 2015)","13870","CombodiaLandTarif(1st Nov 2014-31st Oct 2015)","Nov  1 2014 12:00:00:000AM","Oct 31 2015 12:00:00:000AM","USD","NO","1","1","1","1","1","1","1","2","2","32","27.2727","44",
"Siem Reap","1795","HD-Visit To Tonle Sap Lake On Boat","Activity","1","Trails of Indochina","","5331","Private/Special Activity","NO","","","","","28","Per Person 1 Way","6","Season 01","Nov  1 2014 12:00:00:000AM","Oct 31 2015 12:00:00:000AM","13775","CombodiaLandTarif(1st Nov 2014-31st Oct 2015)","13870","CombodiaLandTarif(1st Nov 2014-31st Oct 2015)","Nov  1 2014 12:00:00:000AM","Oct 31 2015 12:00:00:000AM","USD","NO","1","1","1","1","1","1","1","3","3","24","27.2727","33",
"Siem Reap","1795","HD-Visit To Tonle Sap Lake On Boat","Activity","1","Trails of Indochina","","5331","Private/Special Activity","NO","","","","","28","Per Person 1 Way","6","Season 01","Nov  1 2014 12:00:00:000AM","Oct 31 2015 12:00:00:000AM","13775","CombodiaLandTarif(1st Nov 2014-31st Oct 2015)","13870","CombodiaLandTarif(1st Nov 2014-31st Oct 2015)","Nov  1 2014 12:00:00:000AM","Oct 31 2015 12:00:00:000AM","USD","NO","1","1","1","1","1","1","1","4","4","20","28.5714","28",
"Siem Reap","1795","HD-Visit To Tonle Sap Lake On Boat","Activity","1","Trails of Indochina","","5331","Private/Special Activity","NO","","","","","28","Per Person 1 Way","6","Season 01","Nov  1 2014 12:00:00:000AM","Oct 31 2015 12:00:00:000AM","13775","CombodiaLandTarif(1st Nov 2014-31st Oct 2015)","13870","CombodiaLandTarif(1st Nov 2014-31st Oct 2015)","Nov  1 2014 12:00:00:000AM","Oct 31 2015 12:00:00:000AM","USD","NO","1","1","1","1","1","1","1","5","5","17","26.0869","23",
"Siem Reap","1795","HD-Visit To Tonle Sap Lake On Boat","Activity","1","Trails of Indochina","","5331","Private/Special Activity","NO","","","","","28","Per Person 1 Way","6","Season 01","Nov  1 2014 12:00:00:000AM","Oct 31 2015 12:00:00:000AM","13775","CombodiaLandTarif(1st Nov 2014-31st Oct 2015)","13870","CombodiaLandTarif(1st Nov 2014-31st Oct 2015)","Nov  1 2014 12:00:00:000AM","Oct 31 2015 12:00:00:000AM","USD","NO","1","1","1","1","1","1","1","6","7","15","28.5714","21",
"Siem Reap","1795","HD-Visit To Tonle Sap Lake On Boat","Activity","1","Trails of Indochina","","5331","Private/Special Activity","NO","","","","","28","Per Person 1 Way","6","Season 01","Nov  1 2014 12:00:00:000AM","Oct 31 2015 12:00:00:000AM","13775","CombodiaLandTarif(1st Nov 2014-31st Oct 2015)","13870","CombodiaLandTarif(1st Nov 2014-31st Oct 2015)","Nov  1 2014 12:00:00:000AM","Oct 31 2015 12:00:00:000AM","USD","NO","1","1","1","1","1","1","1","8","10","15","28.5714","21",
"Siem Reap","1795","HD-Visit To Tonle Sap Lake On Boat","Activity","1","Trails of Indochina","","5331","Private/Special Activity","NO","","","","","28","Per Person 1 Way","6","Season 01","Nov  1 2014 12:00:00:000AM","Oct 31 2015 12:00:00:000AM","13775","CombodiaLandTarif(1st Nov 2014-31st Oct 2015)","13870","CombodiaLandTarif(1st Nov 2014-31st Oct 2015)","Nov  1 2014 12:00:00:000AM","Oct 31 2015 12:00:00:000AM","USD","NO","1","1","1","1","1","1","1","11","14","14","26.3157","19",
"Siem Reap","1795","HD-Visit To Tonle Sap Lake On Boat","Activity","1","Trails of Indochina","","5331","Private/Special Activity","NO","","","","","28","Per Person 1 Way","6","Season 01","Nov  1 2014 12:00:00:000AM","Oct 31 2015 12:00:00:000AM","13775","CombodiaLandTarif(1st Nov 2014-31st Oct 2015)","13870","CombodiaLandTarif(1st Nov 2014-31st Oct 2015)","Nov  1 2014 12:00:00:000AM","Oct 31 2015 12:00:00:000AM","USD","NO","1","1","1","1","1","1","1","15","19","14","26.3157","19",
"Siem Reap","1795","HD-Visit To Tonle Sap Lake On Boat","Activity","1","Trails of Indochina","","5331","Private/Special Activity","NO","","","","","28","Per Person 1 Way","6","Season 01","Nov  1 2014 12:00:00:000AM","Oct 31 2015 12:00:00:000AM","13775","CombodiaLandTarif(1st Nov 2014-31st Oct 2015)","13870","CombodiaLandTarif(1st Nov 2014-31st Oct 2015)","Nov  1 2014 12:00:00:000AM","Oct 31 2015 12:00:00:000AM","USD","NO","1","1","1","1","1","1","1","20","24","14","26.3157","19",
"Siem Reap","1795","HD-Visit To Tonle Sap Lake On Boat","Activity","1","Trails of Indochina","","5331","Private/Special Activity","NO","","","","","28","Per Person 1 Way","6","Season 01","Nov  1 2015 12:00:00:000AM","Oct 31 2016 12:00:00:000AM","33576","*Cambodia Land Tariff (1st Nov 15 - 31st Oct 16)","33808","Cambodia Land Tariff (1st Nov 15 - 31st Oct 16)","Nov  1 2015 12:00:00:000AM","Oct 31 2016 12:00:00:000AM","USD","NO","1","1","1","1","1","1","1","1","1","75","26.4705","102",
"Siem Reap","1795","HD-Visit To Tonle Sap Lake On Boat","Activity","1","Trails of Indochina","","5331","Private/Special Activity","NO","","","","","28","Per Person 1 Way","6","Season 01","Nov  1 2015 12:00:00:000AM","Oct 31 2016 12:00:00:000AM","33576","*Cambodia Land Tariff (1st Nov 15 - 31st Oct 16)","33808","Cambodia Land Tariff (1st Nov 15 - 31st Oct 16)","Nov  1 2015 12:00:00:000AM","Oct 31 2016 12:00:00:000AM","USD","NO","1","1","1","1","1","1","1","2","2","46","26.9841","63",
"Siem Reap","1795","HD-Visit To Tonle Sap Lake On Boat","Activity","1","Trails of Indochina","","5331","Private/Special Activity","NO","","","","","28","Per Person 1 Way","6","Season 01","Nov  1 2015 12:00:00:000AM","Oct 31 2016 12:00:00:000AM","33576","*Cambodia Land Tariff (1st Nov 15 - 31st Oct 16)","33808","Cambodia Land Tariff (1st Nov 15 - 31st Oct 16)","Nov  1 2015 12:00:00:000AM","Oct 31 2016 12:00:00:000AM","USD","NO","1","1","1","1","1","1","1","3","3","38","26.923","52",
"Siem Reap","1795","HD-Visit To Tonle Sap Lake On Boat","Activity","1","Trails of Indochina","","5331","Private/Special Activity","NO","","","","","28","Per Person 1 Way","6","Season 01","Nov  1 2015 12:00:00:000AM","Oct 31 2016 12:00:00:000AM","33576","*Cambodia Land Tariff (1st Nov 15 - 31st Oct 16)","33808","Cambodia Land Tariff (1st Nov 15 - 31st Oct 16)","Nov  1 2015 12:00:00:000AM","Oct 31 2016 12:00:00:000AM","USD","NO","1","1","1","1","1","1","1","4","4","32","27.2727","44",
"Siem Reap","1795","HD-Visit To Tonle Sap Lake On Boat","Activity","1","Trails of Indochina","","5331","Private/Special Activity","NO","","","","","28","Per Person 1 Way","6","Season 01","Nov  1 2015 12:00:00:000AM","Oct 31 2016 12:00:00:000AM","33576","*Cambodia Land Tariff (1st Nov 15 - 31st Oct 16)","33808","Cambodia Land Tariff (1st Nov 15 - 31st Oct 16)","Nov  1 2015 12:00:00:000AM","Oct 31 2016 12:00:00:000AM","USD","NO","1","1","1","1","1","1","1","5","5","29","27.5","40",
"Siem Reap","1795","HD-Visit To Tonle Sap Lake On Boat","Activity","1","Trails of Indochina","","5331","Private/Special Activity","NO","","","","","28","Per Person 1 Way","6","Season 01","Nov  1 2015 12:00:00:000AM","Oct 31 2016 12:00:00:000AM","33576","*Cambodia Land Tariff (1st Nov 15 - 31st Oct 16)","33808","Cambodia Land Tariff (1st Nov 15 - 31st Oct 16)","Nov  1 2015 12:00:00:000AM","Oct 31 2016 12:00:00:000AM","USD","NO","1","1","1","1","1","1","1","6","6","27","27.027","37",
"Siem Reap","1795","HD-Visit To Tonle Sap Lake On Boat","Activity","1","Trails of Indochina","","5331","Private/Special Activity","NO","","","","","28","Per Person 1 Way","6","Season 01","Nov  1 2015 12:00:00:000AM","Oct 31 2016 12:00:00:000AM","33576","*Cambodia Land Tariff (1st Nov 15 - 31st Oct 16)","33808","Cambodia Land Tariff (1st Nov 15 - 31st Oct 16)","Nov  1 2015 12:00:00:000AM","Oct 31 2016 12:00:00:000AM","USD","NO","1","1","1","1","1","1","1","7","7","26","27.7777","36",
"Siem Reap","1795","HD-Visit To Tonle Sap Lake On Boat","Activity","1","Trails of Indochina","","5331","Private/Special Activity","NO","","","","","28","Per Person 1 Way","6","Season 01","Nov  1 2015 12:00:00:000AM","Oct 31 2016 12:00:00:000AM","33576","*Cambodia Land Tariff (1st Nov 15 - 31st Oct 16)","33808","Cambodia Land Tariff (1st Nov 15 - 31st Oct 16)","Nov  1 2015 12:00:00:000AM","Oct 31 2016 12:00:00:000AM","USD","NO","1","1","1","1","1","1","1","8","8","14","26.3157","19",
"Siem Reap","1795","HD-Visit To Tonle Sap Lake On Boat","Activity","1","Trails of Indochina","","5331","Private/Special Activity","NO","","","","","28","Per Person 1 Way","6","Season 01","Nov  1 2015 12:00:00:000AM","Oct 31 2016 12:00:00:000AM","33576","*Cambodia Land Tariff (1st Nov 15 - 31st Oct 16)","33808","Cambodia Land Tariff (1st Nov 15 - 31st Oct 16)","Nov  1 2015 12:00:00:000AM","Oct 31 2016 12:00:00:000AM","USD","NO","1","1","1","1","1","1","1","9","9","14","26.3157","19",
"Siem Reap","1795","HD-Visit To Tonle Sap Lake On Boat","Activity","1","Trails of Indochina","","5331","Private/Special Activity","NO","","","","","28","Per Person 1 Way","6","Season 01","Nov  1 2015 12:00:00:000AM","Oct 31 2016 12:00:00:000AM","33576","*Cambodia Land Tariff (1st Nov 15 - 31st Oct 16)","33808","Cambodia Land Tariff (1st Nov 15 - 31st Oct 16)","Nov  1 2015 12:00:00:000AM","Oct 31 2016 12:00:00:000AM","USD","NO","1","1","1","1","1","1","1","10","10","13","27.7777","18",
"Siem Reap","1795","HD-Visit To Tonle Sap Lake On Boat","Activity","1","Trails of Indochina","","5331","Private/Special Activity","NO","","","","","28","Per Person 1 Way","6","Season 01","Nov  1 2015 12:00:00:000AM","Oct 31 2016 12:00:00:000AM","33576","*Cambodia Land Tariff (1st Nov 15 - 31st Oct 16)","33808","Cambodia Land Tariff (1st Nov 15 - 31st Oct 16)","Nov  1 2015 12:00:00:000AM","Oct 31 2016 12:00:00:000AM","USD","NO","1","1","1","1","1","1","1","11","14","13","27.7777","18",
"Siem Reap","1795","HD-Visit To Tonle Sap Lake On Boat","Activity","1","Trails of Indochina","","5331","Private/Special Activity","NO","","","","","28","Per Person 1 Way","6","Season 01","Nov  1 2016 12:00:00:000AM","Dec 31 2020 12:00:00:000AM","33577","*Pro-Cambodia Land Tariff (1st Nov 16 - 31st Dec 20)","33809","Pro-Cambodia Land Tariff (1st Nov 16 - 31st Dec 20","Nov  1 2016 12:00:00:000AM","Dec 31 2020 12:00:00:000AM","USD","NO","1","1","1","1","1","1","1","1","1","63","26.7441","86",
"Siem Reap","1795","HD-Visit To Tonle Sap Lake On Boat","Activity","1","Trails of Indochina","","5331","Private/Special Activity","NO","","","","","28","Per Person 1 Way","6","Season 01","Nov  1 2016 12:00:00:000AM","Dec 31 2020 12:00:00:000AM","33577","*Pro-Cambodia Land Tariff (1st Nov 16 - 31st Dec 20)","33809","Pro-Cambodia Land Tariff (1st Nov 16 - 31st Dec 20","Nov  1 2016 12:00:00:000AM","Dec 31 2020 12:00:00:000AM","USD","NO","1","1","1","1","1","1","1","2","2","35","27.0833","48",
"Siem Reap","1795","HD-Visit To Tonle Sap Lake On Boat","Activity","1","Trails of Indochina","","5331","Private/Special Activity","NO","","","","","28","Per Person 1 Way","6","Season 01","Nov  1 2016 12:00:00:000AM","Dec 31 2020 12:00:00:000AM","33577","*Pro-Cambodia Land Tariff (1st Nov 16 - 31st Dec 20)","33809","Pro-Cambodia Land Tariff (1st Nov 16 - 31st Dec 20","Nov  1 2016 12:00:00:000AM","Dec 31 2020 12:00:00:000AM","USD","NO","1","1","1","1","1","1","1","3","3","27","27.027","37",
"Siem Reap","1795","HD-Visit To Tonle Sap Lake On Boat","Activity","1","Trails of Indochina","","5331","Private/Special Activity","NO","","","","","28","Per Person 1 Way","6","Season 01","Nov  1 2016 12:00:00:000AM","Dec 31 2020 12:00:00:000AM","33577","*Pro-Cambodia Land Tariff (1st Nov 16 - 31st Dec 20)","33809","Pro-Cambodia Land Tariff (1st Nov 16 - 31st Dec 20","Nov  1 2016 12:00:00:000AM","Dec 31 2020 12:00:00:000AM","USD","NO","1","1","1","1","1","1","1","4","4","21","27.5862","29",
"Siem Reap","1795","HD-Visit To Tonle Sap Lake On Boat","Activity","1","Trails of Indochina","","5331","Private/Special Activity","NO","","","","","28","Per Person 1 Way","6","Season 01","Nov  1 2016 12:00:00:000AM","Dec 31 2020 12:00:00:000AM","33577","*Pro-Cambodia Land Tariff (1st Nov 16 - 31st Dec 20)","33809","Pro-Cambodia Land Tariff (1st Nov 16 - 31st Dec 20","Nov  1 2016 12:00:00:000AM","Dec 31 2020 12:00:00:000AM","USD","NO","1","1","1","1","1","1","1","5","5","18","28","25",
"Siem Reap","1795","HD-Visit To Tonle Sap Lake On Boat","Activity","1","Trails of Indochina","","5331","Private/Special Activity","NO","","","","","28","Per Person 1 Way","6","Season 01","Nov  1 2016 12:00:00:000AM","Dec 31 2020 12:00:00:000AM","33577","*Pro-Cambodia Land Tariff (1st Nov 16 - 31st Dec 20)","33809","Pro-Cambodia Land Tariff (1st Nov 16 - 31st Dec 20","Nov  1 2016 12:00:00:000AM","Dec 31 2020 12:00:00:000AM","USD","NO","1","1","1","1","1","1","1","6","6","16","27.2727","22",
"Siem Reap","1795","HD-Visit To Tonle Sap Lake On Boat","Activity","1","Trails of Indochina","","5331","Private/Special Activity","NO","","","","","28","Per Person 1 Way","6","Season 01","Nov  1 2016 12:00:00:000AM","Dec 31 2020 12:00:00:000AM","33577","*Pro-Cambodia Land Tariff (1st Nov 16 - 31st Dec 20)","33809","Pro-Cambodia Land Tariff (1st Nov 16 - 31st Dec 20","Nov  1 2016 12:00:00:000AM","Dec 31 2020 12:00:00:000AM","USD","NO","1","1","1","1","1","1","1","7","7","16","27.2727","22",
"Siem Reap","1795","HD-Visit To Tonle Sap Lake On Boat","Activity","1","Trails of Indochina","","5331","Private/Special Activity","NO","","","","","28","Per Person 1 Way","6","Season 01","Nov  1 2016 12:00:00:000AM","Dec 31 2020 12:00:00:000AM","33577","*Pro-Cambodia Land Tariff (1st Nov 16 - 31st Dec 20)","33809","Pro-Cambodia Land Tariff (1st Nov 16 - 31st Dec 20","Nov  1 2016 12:00:00:000AM","Dec 31 2020 12:00:00:000AM","USD","NO","1","1","1","1","1","1","1","8","8","15","28.5714","21",
"Siem Reap","1795","HD-Visit To Tonle Sap Lake On Boat","Activity","1","Trails of Indochina","","5331","Private/Special Activity","NO","","","","","28","Per Person 1 Way","6","Season 01","Nov  1 2016 12:00:00:000AM","Dec 31 2020 12:00:00:000AM","33577","*Pro-Cambodia Land Tariff (1st Nov 16 - 31st Dec 20)","33809","Pro-Cambodia Land Tariff (1st Nov 16 - 31st Dec 20","Nov  1 2016 12:00:00:000AM","Dec 31 2020 12:00:00:000AM","USD","NO","1","1","1","1","1","1","1","9","9","15","28.5714","21",
"Siem Reap","1795","HD-Visit To Tonle Sap Lake On Boat","Activity","1","Trails of Indochina","","5331","Private/Special Activity","NO","","","","","28","Per Person 1 Way","6","Season 01","Nov  1 2016 12:00:00:000AM","Dec 31 2020 12:00:00:000AM","33577","*Pro-Cambodia Land Tariff (1st Nov 16 - 31st Dec 20)","33809","Pro-Cambodia Land Tariff (1st Nov 16 - 31st Dec 20","Nov  1 2016 12:00:00:000AM","Dec 31 2020 12:00:00:000AM","USD","NO","1","1","1","1","1","1","1","10","10","14","26.3157","19",
"Siem Reap","1795","HD-Visit To Tonle Sap Lake On Boat","Activity","1","Trails of Indochina","","5331","Private/Special Activity","NO","","","","","28","Per Person 1 Way","6","Season 01","Nov  1 2016 12:00:00:000AM","Dec 31 2020 12:00:00:000AM","33577","*Pro-Cambodia Land Tariff (1st Nov 16 - 31st Dec 20)","33809","Pro-Cambodia Land Tariff (1st Nov 16 - 31st Dec 20","Nov  1 2016 12:00:00:000AM","Dec 31 2020 12:00:00:000AM","USD","NO","1","1","1","1","1","1","1","11","14","14","26.3157","19",
