"SERVICEID","service_name","SERVICEOPTIONINSERVICEID","option_name","buy_price","sell_price","region_name","region_ts_id","service_type"
5205,"Bariloche - Mendoza",11264,"Business Class Flight",0,0,"Bariloche",6340,"Flight"
5205,"Bariloche - Mendoza",11265,"Regular Flight",0,0,"Bariloche",6340,"Flight"
5217,"Buenos Aires - Lima - Cusco",11268,"Business Class Flight",0,0,"Buenos Aires",6342,"Flight"
5234,"Santiago de Chile - Lima",11306,"Business Class Flight",0,0,"Santiago de Chile",6398,"Flight"
5236,"Santiago de Chile - Buenos Aires - Córdoba",11310,"Business Class Flight",0,0,"Santiago de Chile",6398,"Flight"
5236,"Santiago de Chile - Buenos Aires - Córdoba",11311,"Regular Flight",0,0,"Santiago de Chile",6398,"Flight"
5237,"Santiago de Chile - Rio de Janeiro",11312,"Business Class Flight",0,0,"Santiago de Chile",6398,"Flight"
5238,"Santiago de Chile - Temuco",11314,"Business Class Flight",0,0,"Santiago de Chile",6398,"Flight"
5239,"Santiago de Chile - Lima - Cusco",11316,"Business Class Flight",0,0,"Santiago de Chile",6398,"Flight"
5241,"Santiago de Chile - Buenos Aires - Bariloche",11319,"Business Class Flight",0,0,"Santiago de Chile",6398,"Flight"
5246,"Santiago de Chile - Rapa Nui",11322,"Business Class Flight",0,0,"Santiago de Chile",6398,"Flight"
5248,"Santiago de Chile - Buenos Aires",11324,"Business Class Flight",0,0,"Santiago de Chile",6398,"Flight"
5250,"Santiago de Chile - Punta Arenas",11326,"Business Class Flight",0,0,"Santiago de Chile",6398,"Flight"
5253,"Coyhaique - Santiago de Chile",11329,"Business Class Flight",0,0,"Coyhaique",6377,"Flight"
5314,"Buenos Aires - Santiago de Chile",11430,"Business Class Flight",0,0,"Buenos Aires",6342,"Flight"
5318,"Buenos Aires - Lima",11438,"Business Class Flight",0,0,"Buenos Aires",6342,"Flight"
5321,"Buenos Aires - Rio de Janeiro",11445,"Business Class Flight",0,0,"Buenos Aires",6342,"Flight"
5333,"Córdoba - Santiago de Chile - Lima",11468,"Business Class Flight",0,0,"Córdoba",6348,"Flight"
5333,"Córdoba - Santiago de Chile - Lima",11469,"Regular Flight",0,0,"Córdoba",6348,"Flight"
5335,"Córdoba - Santiago de Chile",11472,"Business Class Flight",0,0,"Córdoba",6348,"Flight"
5338,"Cusco - Lima - Buenos Aires",11478,"Business Class Flight",0,0,"Cusco",6405,"Flight"
5357,"Lima - Buenos Aires - Mendoza",11517,"Regular Flight",0,0,"Lima",6406,"Flight"
5357,"Lima - Buenos Aires - Mendoza",11516,"Business Class Flight",0,0,"Lima",6406,"Flight"
5358,"Lima - Santiago de Chile",11518,"Business Class Flight",0,0,"Lima",6406,"Flight"
5359,"Lima - Rio de Janeiro",11520,"Business Class Flight",0,0,"Lima",6406,"Flight"
5361,"Lima - Buenos Aires - Córdoba",11524,"Business Class Flight",0,0,"Lima",6406,"Flight"
5361,"Lima - Buenos Aires - Córdoba",11525,"Regular Flight",0,0,"Lima",6406,"Flight"
5370,"Mendoza - Bariloche",11542,"Business Class Flight",0,0,"Mendoza",6354,"Flight"
5370,"Mendoza - Bariloche",11543,"Regular Flight",0,0,"Mendoza",6354,"Flight"
5371,"Mendoza - Santiago de Chile - Lima",11544,"Business Class Flight",0,0,"Mendoza",6354,"Flight"
5372,"Mendoza - Santiago de Chile",11546,"Business Class Flight",0,0,"Mendoza",6354,"Flight"
5380,"Puerto Iguazú - Mendoza",11556,"Business Class Flight",0,0,"Puerto Iguazú",6357,"Flight"
5382,"Puerto Iguazú - Buenos Aires - Santiago de Chile",11560,"Business Class Flight",0,0,"Puerto Iguazú",6357,"Flight"
5387,"Puerto Iguazú - Rincón del Socorro (Private)",11570,"Business Class Flight",0,0,"Puerto Iguazú",6357,"Flight"
5394,"Puerto Montt - Coyhaique",11581,"Business Class Flight",0,0,"Puerto Montt",6387,"Flight"
5395,"Puerto Montt - Santiago de Chile - Calama",11582,"Business Class Flight",0,0,"Puerto Montt",6387,"Flight"
5396,"Puerto Montt - Punta Arenas",11584,"Business Class Flight",0,0,"Puerto Montt",6387,"Flight"
5397,"Puerto Montt - Santiago de Chile",11586,"Business Class Flight",0,0,"Puerto Montt",6387,"Flight"
5400,"Puerto Montt - Temuco",11588,"Business Class Flight",0,0,"Puerto Montt",6387,"Flight"
5400,"Puerto Montt - Temuco",11589,"Regular Flight",0,0,"Puerto Montt",6387,"Flight"
5401,"Rapa Nui - Santiago de Chile",11591,"Business Class Flight",0,0,"Rapa Nui",6396,"Flight"
5402,"Rio de Janeiro - Buenos Aires",11593,"Business Class Flight",0,0,"Rio de Janeiro",6372,"Flight"
5403,"Rio de Janeiro - Foz do Iguaçu",11595,"Business Class Flight",0,0,"Rio de Janeiro",6372,"Flight"
5404,"Rio de Janeiro - Lima",11597,"Business Class Flight",0,0,"Rio de Janeiro",6372,"Flight"
5405,"Rio de Janeiro - Santiago de Chile",11599,"Business Class Flight",0,0,"Rio de Janeiro",6372,"Flight"
5406,"Santiago de Chile - Puerto Montt",11601,"Business Class Flight",0,0,"Santiago de Chile",6398,"Flight"
5407,"Santiago de Chile - Calama",11603,"Business Class Flight",0,0,"Santiago de Chile",6398,"Flight"
5408,"Santiago de Chile - Buenos Aires - Puerto Iguazú",11605,"Business Class Flight",0,0,"Santiago de Chile",6398,"Flight"
5409,"Santiago de Chile - Mendoza",11607,"Business Class Flight",0,0,"Santiago de Chile",6398,"Flight"
5410,"Santiago de Chile - Coyhaique",11609,"Business Class Flight",0,0,"Santiago de Chile",6398,"Flight"
5416,"Salta - Buenos Aires - Comodoro Rivadavia",11621,"Business Class Flight",0,0,"Salta",6362,"Flight"
5416,"Salta - Buenos Aires - Comodoro Rivadavia",11622,"Regular Flight",0,0,"Salta",6362,"Flight"
5417,"Punta Arenas - Puerto Montt",11623,"Business Class Flight",0,0,"Punta Arenas",6393,"Flight"
5418,"Punta Arenas - Santiago de Chile",11625,"Business Class Flight",0,0,"Punta Arenas",6393,"Flight"
5419,"Punta Arenas - Santiago de Chile - Calama",11627,"Business Class Flight",0,0,"Punta Arenas",6393,"Flight"
5420,"Punta Arenas - Puerto Montt - Temuco",11629,"Business Class Flight",0,0,"Punta Arenas",6393,"Flight"
5420,"Punta Arenas - Puerto Montt - Temuco",11630,"Regular Flight",0,0,"Punta Arenas",6393,"Flight"
5960,"Calama - Santiago de Chile",12341,"Business Class Flight",0,0,"Calama",6558,"Flight"
6455,"Foz do Iguaçu - Rio de Janeiro",13546,"Business Class Flight",0,0,"Foz do Iguacu",6573,"Flight"
6645,"Trelew - Buenos Aires/ Comodoro - Mendoza",13740,"Business Class Flight",0,0,"Trelew",6564,"Flight"
6645,"Trelew - Buenos Aires/ Comodoro - Mendoza",13741,"Regular Flight",0,0,"Trelew",6564,"Flight"
7437,"Puerto Iguazu - Buenos Aires - Montevideo",14641,"Business Class Flight",0,0,"Puerto Iguazú",6357,"Flight"
7439,"Montevideo - foz do Iguazu",14643,"Business Class Flight",0,0,"Montevideo",6421,"Flight"
7439,"Montevideo - foz do Iguazu",14644,"Regular Flight",0,0,"Montevideo",6421,"Flight"
7440,"Foz do Iguaçu - Montevideo",14645,"Business Class Flight",0,0,"Foz do Iguacu",6573,"Flight"
7440,"Foz do Iguaçu - Montevideo",14646,"Regular Flight",0,0,"Foz do Iguacu",6573,"Flight"
7444,"Buenos Aires - Montevideo",14651,"Business Class Flight",0,0,"Buenos Aires",6342,"Flight"
7447,"Rio de Janeiro - Montevideo",14656,"Business Class Flight",0,0,"Rio de Janeiro",6372,"Flight"
7495,"Trelew - El Calafate",14703,"Regular Flight",0,0,"Trelew",6564,"Flight"
7495,"Trelew - El Calafate",14704,"Business Class Flight",0,0,"Trelew",6564,"Flight"
7502,"El Calafate - Trelew",14715,"Business Class Flight",0,0,"El Calafate",6349,"Flight"
7502,"El Calafate - Trelew",14716,"Regular Flight",0,0,"El Calafate",6349,"Flight"
7503,"Punta Arenas - Balmaceda",14717,"Business Class Flight",0,0,"Punta Arenas",6393,"Flight"
7503,"Punta Arenas - Balmaceda",14718,"Regular Flight",0,0,"Punta Arenas",6393,"Flight"
7546,"Ushuaia - Buenos Aires - Trelew",14783,"Business Class Flight",0,0,"Ushuaia",6369,"Flight"
10158,"Sao Paulo - Foz do Iguaçu",18341,"Business Class Flight",0,0,"São Paulo",6596,"Flight"
10159,"Foz do Iguaçu - Sao Paulo",18343,"Business Class Flight",0,0,"Foz do Iguacu",6573,"Flight"
10160,"Sao Paulo - Rio de Janeiro",18345,"Business Class Flight",0,0,"São Paulo",6596,"Flight"
10161,"Rio de Janeiro - Sao Paulo",18347,"Business Class Flight",0,0,"Rio de Janeiro",6372,"Flight"
10162,"Sao Paulo - Buenos Aires",18349,"Business Class Flight",0,0,"São Paulo",6596,"Flight"
10163,"Buenos Aires - Sao Paulo",18351,"Business Class Flight",0,0,"Buenos Aires",6342,"Flight"
10621,"Rio de Janeiro - Lima - Cusco",18967,"Business Class Flight",0,0,"Rio de Janeiro",6372,"Flight"
10719,"Calama - Santiago de Chile - Puerto Montt",19158,"Business Class Flight",0,0,"Calama",6558,"Flight"
10720,"Calama - Santiago de Chile - Punta Arenas",19160,"Business Class Flight",0,0,"Calama",6558,"Flight"
11110,"Foz do Iguaçu - Lima",19744,"Business Class Flight",0,0,"Foz do Iguacu",6573,"Flight"
11131,"Foz do Iguaçu - Cusco",19768,"Business Class Flight",0,0,"Foz do Iguacu",6573,"Flight"
11131,"Foz do Iguaçu - Cusco",19769,"Regular Flight",0,0,"Foz do Iguacu",6573,"Flight"
11625,"Trelew - Bariloche",20420,"Business Class Flight",0,0,"Trelew",6564,"Flight"
11625,"Trelew - Bariloche",20419,"Regular Flight",0,0,"Trelew",6564,"Flight"
11626,"Bariloche - Trelew",20421,"Business Class Flight",0,0,"Bariloche",6340,"Flight"
11628,"Santiago de Chile - La Paz",20425,"Business Class Flight",0,0,"Santiago de Chile",6398,"Flight"
11904,"Buenos Aires - Puerto Madryn",20738,"Business Class Flight",0,0,"Buenos Aires",6342,"Flight"
11904,"Buenos Aires - Puerto Madryn",20739,"Regular Flight",0,0,"Buenos Aires",6342,"Flight"
11905,"Puerto Madryn - Buenos Aires",20740,"Business Class Flight",0,0,"Puerto Madryn",6358,"Flight"
11905,"Puerto Madryn - Buenos Aires",20741,"Regular Flight",0,0,"Puerto Madryn",6358,"Flight"
11906,"Puerto Madryn - Salta",20742,"Business Class Flight",0,0,"Puerto Madryn",6358,"Flight"
11906,"Puerto Madryn - Salta",20743,"Regular Flight",0,0,"Puerto Madryn",6358,"Flight"
11907,"Salta - Puerto Madryn",20744,"Business Class Flight",0,0,"Salta",6362,"Flight"
11907,"Salta - Puerto Madryn",20745,"Regular Flight",0,0,"Salta",6362,"Flight"
11983,"Rincón del Socorro - Puerto Iguazú (Private)",20838,"Business Class Flight",0,0,"Puerto Iguazú",6357,"Flight"
11983,"Rincón del Socorro - Puerto Iguazú (Private)",20839,"Regular Flight",0,0,"Puerto Iguazú",6357,"Flight"
12026,"Ushuaia - Buenos Aires - Trelew",20890,"Business Class Flight",0,0,"Ushuaia",6369,"Flight"
12026,"Ushuaia - Buenos Aires - Trelew",20891,"Regular Flight",0,0,"Ushuaia",6369,"Flight"
13050,"Coyhaique - Puerto Montt",22228,"Business Class Flight",0,0,"Coyhaique",6377,"Flight"
13243,"Temuco - Santiago de Chile",22984,"Business Class Flight",0,0,"Temuco",6561,"Flight"
13244,"Ushuaia - Comodoro Rivadavia",22986,"Business Class Flight",0,0,"Ushuaia",6369,"Flight"
13244,"Ushuaia - Comodoro Rivadavia",22987,"Regular Flight",0,0,"Ushuaia",6369,"Flight"
13376,"Comodoro Rivadavia - Ushuaia",23185,"Business Class Flight",0,0,"Comodoro Rivadavia",6594,"Flight"
13376,"Comodoro Rivadavia - Ushuaia",23186,"Regular Flight",0,0,"Comodoro Rivadavia",6594,"Flight"
13740,"Buenos Aires - Santiago de Chile - Punta Arenas",23893,"Business Class Flight",0,0,"Buenos Aires",6342,"Flight"
13740,"Buenos Aires - Santiago de Chile - Punta Arenas",23894,"Regular Flight",0,0,"Buenos Aires",6342,"Flight"
13744,"Punta Arenas - Santiago de Chile - Buenos Aires",23898,"Business Class Flight",0,0,"Punta Arenas",6393,"Flight"
13744,"Punta Arenas - Santiago de Chile - Buenos Aires",23899,"Regular Flight",0,0,"Punta Arenas",6393,"Flight"
13752,"Santiago de Chile - Antofagasta",23911,"Business Class Flight",0,0,"Santiago de Chile",6398,"Flight"
13753,"Santiago de Chile - Lima - Quito",23913,"Business Class Flight",0,0,"Santiago de Chile",6398,"Flight"
13759,"Santiago de Chile - Lima - Guayaquil",23928,"Business Class Flight",0,0,"Santiago de Chile",6398,"Flight"
13761,"Buenos Aires - Punta del Este",23932,"Business Class Flight",0,0,"Buenos Aires",6342,"Flight"
13762,"Rincón del Socorro - Posadas (Private)",23935,"Regular Flight",0,0,"Posadas",6560,"Flight"
13762,"Rincón del Socorro - Posadas (Private)",23934,"Business Class Flight",0,0,"Posadas",6560,"Flight"
13763,"Posadas - Rincón del Socorro (Private)",23936,"Business Class Flight",0,0,"Posadas",6560,"Flight"
17629,"Buenos Aires - Punta del Este",29367,"Business Class Flight",0,0,"Buenos Aires",6342,"Flight"
17629,"Buenos Aires - Punta del Este",29368,"Regular Flight",0,0,"Buenos Aires",6342,"Flight"
37339,"Arequipa - Cusco",57431,"LAN",0,0,"Arequipa",6407,"Flight"
37339,"Arequipa - Cusco",57432,"Taca",0,0,"Arequipa",6407,"Flight"
37340,"Arequipa - Juliaca",57435,"LAN",0,0,"Arequipa",6407,"Flight"
37343,"Arequipa - La Paz",57440,"LAN",0,0,"Arequipa",6407,"Flight"
37343,"Arequipa - La Paz",57441,"Taca",0,0,"Arequipa",6407,"Flight"
37344,"Arequipa - Lima",57445,"Taca",0,0,"Arequipa",6407,"Flight"
37417,"Arequipa - Lima - Cusco",57539,"LAN",0,0,"Arequipa",6407,"Flight"
37417,"Arequipa - Lima - Cusco",57540,"Taca",0,0,"Arequipa",6407,"Flight"
37418,"Arequipa - Lima - Juliaca",57541,"LAN",0,0,"Arequipa",6407,"Flight"
37418,"Arequipa - Lima - Juliaca",57542,"Star Peru",0,0,"Arequipa",6407,"Flight"
37418,"Arequipa - Lima - Juliaca",57543,"Taca",0,0,"Arequipa",6407,"Flight"
37419,"Arequipa - Lima - La Paz",57546,"LAN",0,0,"Arequipa",6407,"Flight"
37419,"Arequipa - Lima - La Paz",57547,"Taca",0,0,"Arequipa",6407,"Flight"
37420,"Arequipa - Lima - Piura",57549,"Star Peru",0,0,"Arequipa",6407,"Flight"
37420,"Arequipa - Lima - Piura",57550,"Taca",0,0,"Arequipa",6407,"Flight"
37421,"Arequipa - Lima - Quito",57552,"Business Class Flight",0,0,"Arequipa",6407,"Flight"
37422,"Arequipa - Lima - Tumbes",57554,"Star Peru",0,0,"Arequipa",6407,"Flight"
37422,"Arequipa - Lima - Tumbes",57555,"Taca",0,0,"Arequipa",6407,"Flight"
37423,"Cajamarca - Lima",57556,"Business Class Flight",0,0,"Cajamarca",6959,"Flight"
37423,"Cajamarca - Lima",57557,"Regular Flight",0,0,"Cajamarca",6959,"Flight"
37424,"Chiclayo - Lima",57561,"Taca",0,0,"Chiclayo",6410,"Flight"
37425,"Lima - Buenos Aires",57562,"Business Class Flight",0,0,"Lima",6406,"Flight"
37426,"Lima - Arequipa",57567,"Taca",0,0,"Lima",6406,"Flight"
37427,"Lima - Anta",57571,"Taca",0,0,"Lima",6406,"Flight"
37427,"Lima - Anta",57570,"LAN",0,0,"Lima",6406,"Flight"
37428,"Iquitos - Lima - Cusco",57574,"LAN",0,0,"Iquitos",6413,"Flight"
37430,"Cusco - Puerto Maldonado",57580,"Star Peru",0,0,"Cusco",6405,"Flight"
37430,"Cusco - Puerto Maldonado",57581,"Taca",0,0,"Cusco",6405,"Flight"
37476,"Calama - Santiago de Chile - Lima",57654,"Business Class Flight",0,0,"Calama",6558,"Flight"
37478,"Calama - Santiago de Chile - Mendoza",57657,"Business Class Flight",0,0,"Calama",6558,"Flight"
37489,"Santiago - Castro",57669,"LAN",0,0,"Santiago de Chile",6398,"Flight"
37492,"Santiago de Chile - Quito",57672,"Business Class Flight",0,0,"Santiago de Chile",6398,"Flight"
37492,"Santiago de Chile - Quito",57673,"Regular Flight",0,0,"Santiago de Chile",6398,"Flight"
37496,"Buenos Aires - Santa Cruz",57677,"Business Class Flight",0,0,"Buenos Aires",6342,"Flight"
37497,"Juliaca - Cusco",57681,"Taca",0,0,"Puno",6408,"Flight"
37498,"Juliaca - Cusco - Puerto Maldonado",57685,"LAN",0,0,"Puno",6408,"Flight"
37499,"Juliaca - Lima",57689,"Taca",0,0,"Puno",6408,"Flight"
37502,"Juliaca - Lima - Quito",57696,"Regular Flight",0,0,"Puno",6408,"Flight"
37502,"Juliaca - Lima - Quito",57695,"Business Class Flight",0,0,"Puno",6408,"Flight"
37503,"Guayaquil - Buenos Aires",57697,"Business Class Flight",0,0,"Guayaquil",6591,"Flight"
37503,"Guayaquil - Buenos Aires",57698,"Regular Flight",0,0,"Guayaquil",6591,"Flight"
37504,"Quito - Lima/ Santiago de Chile - Buenos Aires",57699,"Business Class Flight",0,0,"Quito",6590,"Flight"
37505,"Guayaquil - Lima",57701,"Business Class Flight",0,0,"Guayaquil",6591,"Flight"
37506,"Quito - Santiago de Chile",57703,"Business Class Flight",0,0,"Quito",6590,"Flight"
37507,"Guayaquil - Lima - Cusco",57705,"Business Class Flight",0,0,"Guayaquil",6591,"Flight"
37509,"Chiclayo - Lima - Cusco",57712,"Taca",0,0,"Chiclayo",6410,"Flight"
37512,"Guayaquil - Quito",57718,"Business Class Flight",0,0,"Guayaquil",6591,"Flight"
37513,"Anta - Lima",57720,"LAN",0,0,"Cordillera Blanca",6977,"Flight"
37513,"Anta - Lima",57721,"Taca",0,0,"Cordillera Blanca",6977,"Flight"
37515,"Cusco - Arequipa",57733,"LAN",0,0,"Cusco",6405,"Flight"
37515,"Cusco - Arequipa",57734,"Taca",0,0,"Cusco",6405,"Flight"
37516,"Cusco - La Paz",57735,"Business Class Flight",0,0,"Cusco",6405,"Flight"
37517,"Cusco - Lima",57743,"Star Peru",0,0,"Cusco",6405,"Flight"
37517,"Cusco - Lima",57744,"Taca",0,0,"Cusco",6405,"Flight"
37518,"Cusco - Lima - Arequipa",57747,"Taca",0,0,"Cusco",6405,"Flight"
37519,"Cusco - Lima - Chiclayo",57751,"Taca",0,0,"Cusco",6405,"Flight"
37520,"Cusco - Lima - Guayaquil",57752,"Business Class Flight",0,0,"Cusco",6405,"Flight"
37521,"Cusco - Lima - Juliaca",57756,"LAN",0,0,"Cusco",6405,"Flight"
37521,"Cusco - Lima - Juliaca",57757,"Taca",0,0,"Cusco",6405,"Flight"
37522,"Cusco - Lima - La Paz",57760,"LAN",0,0,"Cusco",6405,"Flight"
37524,"Cusco - Lima - Quito",57764,"Business Class Flight",0,0,"Cusco",6405,"Flight"
37525,"Cusco - Lima - Rio de Janeiro",57766,"Business Class Flight",0,0,"Cusco",6405,"Flight"
37526,"Cusco - Lima - Santiago de Chile",57768,"Business Class Flight",0,0,"Cusco",6405,"Flight"
37527,"Lima - Cajamarca",57770,"Business Class Flight",0,0,"Lima",6406,"Flight"
37527,"Lima - Cajamarca",57771,"Regular Flight",0,0,"Lima",6406,"Flight"
37528,"Lima - Chiclayo",57775,"Taca",0,0,"Lima",6406,"Flight"
37529,"Lima - Cusco",57779,"Star Peru",0,0,"Lima",6406,"Flight"
37529,"Lima - Cusco",57780,"Taca",0,0,"Lima",6406,"Flight"
37530,"Lima - Foz do Iguaçu",57781,"Business Class Flight",0,0,"Lima",6406,"Flight"
37531,"Lima - Guayaquil",57783,"Business Class Flight",0,0,"Lima",6406,"Flight"
37532,"Lima - Juliaca",57791,"Taca",0,0,"Lima",6406,"Flight"
37533,"Lima - La Paz",57792,"Business Class Flight",0,0,"Lima",6406,"Flight"
37534,"Lima - Piura",57794,"Business Class Flight",0,0,"Lima",6406,"Flight"
37534,"Lima - Piura",57795,"Regular Flight",0,0,"Lima",6406,"Flight"
37539,"Lima - Puerto Maldonado",57804,"Taca",0,0,"Lima",6406,"Flight"
37539,"Lima - Puerto Maldonado",57805,"Star Peru",0,0,"Lima",6406,"Flight"
37540,"Lima - Quito",57806,"Business Class Flight",0,0,"Lima",6406,"Flight"
37541,"Lima - Santa Cruz",57811,"LAN",0,0,"Lima",6406,"Flight"
37541,"Lima - Santa Cruz",57810,"Taca",0,0,"Lima",6406,"Flight"
37542,"Lima - Santiago de Chile - Calama",57812,"Business Class Flight",0,0,"Lima",6406,"Flight"
37543,"Lima - Trujillo",57816,"Taca",0,0,"Lima",6406,"Flight"
37544,"Lima - Tumbes",57818,"Business Class Flight",0,0,"Lima",6406,"Flight"
37544,"Lima - Tumbes",57819,"Regular Flight",0,0,"Lima",6406,"Flight"
37545,"Piura - Lima",57821,"Regular Flight",0,0,"Mancora",6961,"Flight"
37545,"Piura - Lima",57820,"Business Class Flight",0,0,"Mancora",6961,"Flight"
37548,"Piura - Lima - Juliaca",57830,"LAN",0,0,"Mancora",6961,"Flight"
37549,"Tumbes - Lima",57831,"Business Class Flight",0,0,"Mancora",6961,"Flight"
37549,"Tumbes - Lima",57832,"Regular Flight",0,0,"Mancora",6961,"Flight"
37550,"La Paz - Arequipa",57833,"Business Class Flight",0,0,"La Paz",6578,"Flight"
37551,"Buenos Aires - Guayaquil",57835,"Business Class Flight",0,0,"Buenos Aires",6342,"Flight"
37551,"Buenos Aires - Guayaquil",57836,"Regular Flight",0,0,"Buenos Aires",6342,"Flight"
37552,"La Paz - Cusco",57837,"Business Class Flight",0,0,"La Paz",6578,"Flight"
37553,"La Paz - Lima",57839,"Business Class Flight",0,0,"La Paz",6578,"Flight"
37554,"La Paz - Lima - Arequipa",57841,"Business Class Flight",0,0,"La Paz",6578,"Flight"
37555,"La Paz - Lima - Cusco",57843,"Business Class Flight",0,0,"La Paz",6578,"Flight"
37555,"La Paz - Lima - Cusco",57844,"Regular Flight",0,0,"La Paz",6578,"Flight"
37556,"La Paz - Lima - Quito",57845,"Business Class Flight",0,0,"La Paz",6578,"Flight"
37556,"La Paz - Lima - Quito",57846,"Regular Flight",0,0,"La Paz",6578,"Flight"
37559,"La Paz - Lima/Santa Cruz - Buenos Aires",57853,"Business Class Flight",0,0,"La Paz",6578,"Flight"
37560,"Tumbes - Lima - Juliaca",57857,"LAN",0,0,"Mancora",6961,"Flight"
37561,"Puerto Maldonado - Cusco",57862,"Taca",0,0,"Puerto Maldonado",6412,"Flight"
37561,"Puerto Maldonado - Cusco",57861,"Star Peru",0,0,"Puerto Maldonado",6412,"Flight"
37562,"Puerto Maldonado - Cusco - Juliaca",57865,"LAN",0,0,"Puerto Maldonado",6412,"Flight"
37562,"Puerto Maldonado - Cusco - Juliaca",57866,"Taca",0,0,"Puerto Maldonado",6412,"Flight"
37563,"La Paz - Rurrenabaque",57867,"Business Class Flight",0,0,"La Paz",6578,"Flight"
37564,"Puerto Maldonado - Lima",57872,"Star Peru",0,0,"Puerto Maldonado",6412,"Flight"
37564,"Puerto Maldonado - Lima",57873,"Taca",0,0,"Puerto Maldonado",6412,"Flight"
37565,"Puerto Maldonado - Lima - Trujillo",57876,"LAN",0,0,"Puerto Maldonado",6412,"Flight"
37567,"Juliaca - Lima - Trujillo",57881,"LAN",0,0,"Puno",6408,"Flight"
37567,"Juliaca - Lima - Trujillo",57882,"Taca",0,0,"Puno",6408,"Flight"
37568,"Juliaca - Arequipa",57885,"LAN",0,0,"Puno",6408,"Flight"
37568,"Juliaca - Arequipa",57886,"Taca",0,0,"Puno",6408,"Flight"
37569,"La Paz - Santiago de Chile",57887,"Business Class Flight",0,0,"La Paz",6578,"Flight"
37572,"Buenos Aires - Lima/ Santa Cruz - La Paz",57892,"Business Class Flight",0,0,"Buenos Aires",6342,"Flight"
37574,"Buenos Aires - Lima/Santiago de Chile - Quito",57896,"Business Class Flight",0,0,"Buenos Aires",6342,"Flight"
37575,"Santa Cruz - Buenos Aires",57898,"Business Class Flight",0,0,"Santa Cruz",6579,"Flight"
37576,"Quito - Buenos Aires",57901,"Regular Flight",0,0,"Quito",6590,"Flight"
37576,"Quito - Buenos Aires",57900,"Business Class Flight",0,0,"Quito",6590,"Flight"
37577,"Quito - Guayaquil",57902,"Business Class Flight",0,0,"Quito",6590,"Flight"
37578,"Juliaca - Lima - Tumbes",57906,"LAN",0,0,"Puno",6408,"Flight"
37578,"Juliaca - Lima - Tumbes",57907,"Taca",0,0,"Puno",6408,"Flight"
37579,"Buenos Aires - Quito",57909,"Regular Flight",0,0,"Buenos Aires",6342,"Flight"
37579,"Buenos Aires - Quito",57908,"Business Class Flight",0,0,"Buenos Aires",6342,"Flight"
37580,"Quito - Lima",57910,"Business Class Flight",0,0,"Quito",6590,"Flight"
37581,"Trujillo - Lima - Puerto Maldonado",57914,"LAN",0,0,"Trujillo",6411,"Flight"
37581,"Trujillo - Lima - Puerto Maldonado",57915,"Taca",0,0,"Trujillo",6411,"Flight"
37582,"Trujillo - Lima - Juliaca",57918,"Taca",0,0,"Trujillo",6411,"Flight"
37583,"Trujillo - Lima - Cusco",57923,"Taca",0,0,"Trujillo",6411,"Flight"
37584,"Trujillo - Lima",57927,"Taca",0,0,"Trujillo",6411,"Flight"
37585,"Quito - Lima - La Paz",57928,"Business Class Flight",0,0,"Quito",6590,"Flight"
37585,"Quito - Lima - La Paz",57929,"Regular Flight",0,0,"Quito",6590,"Flight"
37586,"Quito - Lima - Santiago de Chile",57930,"Business Class Flight",0,0,"Quito",6590,"Flight"
37596,"Mendoza - Santiago de Chile - Calama",57941,"Business Class Flight",0,0,"Mendoza",6354,"Flight"
38234,"Quito - Lima - Arequipa",58979,"Business Class Flight",0,0,"Quito",6590,"Flight"
38234,"Quito - Lima - Arequipa",58980,"Regular Flight",0,0,"Quito",6590,"Flight"
38235,"Quito - Lima - Cusco",58981,"Business Class Flight",0,0,"Quito",6590,"Flight"
38236,"Quito - Lima - Juliaca",58983,"Business Class Flight",0,0,"Quito",6590,"Flight"
38236,"Quito - Lima - Juliaca",58984,"Regular Flight",0,0,"Quito",6590,"Flight"
39271,"Buenos Aires - Lima - Quito",60383,"Business Class Flight",0,0,"Buenos Aires",6342,"Flight"
39280,"Buenos Aires - Santiago - Quito",60393,"Business Class Flight",0,0,"Buenos Aires",6342,"Flight"
39313,"Santiago de Chile - Guayaquil",60429,"Business Class Flight",0,0,"Santiago de Chile",6398,"Flight"
39315,"Santiago de Chile - Guayaquil - Quito",60432,"Business Class Flight",0,0,"Santiago de Chile",6398,"Flight"
39432,"Buenos Aires - Santiago - Guayaquil",61269,"Business Class Flight",0,0,"Buenos Aires",6342,"Flight"
39433,"Buenos Aires - Santa Cruz - La Paz",61271,"Business Class Flight",0,0,"Buenos Aires",6342,"Flight"
39436,"Córdoba - Santiago de Chile",61275,"Business Class Flight",0,0,"Córdoba",6348,"Flight"
39438,"Córdoba - Lima",61278,"Business Class Flight",0,0,"Córdoba",6348,"Flight"
39502,"Lima - Córdoba",61469,"LAN",0,0,"Lima",6406,"Flight"
39502,"Lima - Córdoba",61470,"Taca",0,0,"Lima",6406,"Flight"
39503,"Lima - Santiago de Chile - Mendoza",61471,"Business Class Flight",0,0,"Lima",6406,"Flight"
41232,"Bariloche - El Calafate - Ushuaia",67241,"Business Class Flight",0,0,"Bariloche",6340,"Flight"
41233,"Mendoza - Comodor Rivadavia - Trelew",67243,"Business Class Flight",0,0,"Mendoza",6354,"Flight"
41234,"Salta - Buenos Aires - Puerto Iguazu",67245,"Business Class Flight",0,0,"Salta",6362,"Flight"
42426,"Trujillo - Lima - Arequipa",68826,"Taca",0,0,"Trujillo",6411,"Flight"
42428,"Arequipa - Lima - Trujillo",68831,"LAN",0,0,"Arequipa",6407,"Flight"
42428,"Arequipa - Lima - Trujillo",68832,"Taca",0,0,"Arequipa",6407,"Flight"
44534,"La Paz - Lima - Santiago de Chile",71778,"Business Class Flight",0,0,"La Paz",6578,"Flight"
