"region_id","region_tsid","region_name","region_parent_id","status","created_date"
"1","6022","Agra","6002","1","2015-02-19 17:36:00"
"2","6023","Ahmedabad","6002","1","2015-02-19 17:36:00"
"3","6030","Alchi","6002","1","2015-02-19 17:36:00"
"4","6032","Alleppey","6002","1","2015-02-19 17:36:00"
"5","6033","Almora","6002","1","2015-02-19 17:36:00"
"6","6034","Alwar","6002","1","2015-02-19 17:36:00"
"7","6037","Amritsar","6002","1","2015-02-19 17:36:00"
"8","6038","Andaman Islands","6002","1","2015-02-19 17:36:00"
"9","6040","Athirapally","6002","1","2015-02-19 17:36:00"
"10","6041","Aurangabad","6002","1","2015-02-19 17:36:00"
"11","6043","Badami","6002","1","2015-02-19 17:36:00"
"12","6045","Bagdogra","6002","1","2015-02-19 17:36:00"
"13","6049","Balipara","6002","1","2015-02-19 17:36:00"
"14","6052","Bandhavgarh","6002","1","2015-02-19 17:36:00"
"15","6053","Bandipur","6002","1","2015-02-19 17:36:00"
"16","6054","Bangalore","6002","1","2015-02-19 17:36:00"
"17","6057","Barli","6002","1","2015-02-19 17:36:00"
"18","6066","Bharatpur","6002","1","2015-02-19 17:36:00"
"19","6067","Bhavnagar","6002","1","2015-02-19 17:36:00"
"20","6069","Bhopal","6002","1","2015-02-19 17:36:00"
"21","6070","Bhubaneswar","6002","1","2015-02-19 17:36:00"
"22","6071","Bhuj","6002","1","2015-02-19 17:36:00"
"23","6074","Bikaner","6002","1","2015-02-19 17:36:00"
"24","6075","Bodhgaya","6002","1","2015-02-19 17:36:00"
"25","6079","Bundi","6002","1","2015-02-19 17:36:00"
"26","6080","Calicut","6002","1","2015-02-19 17:36:00"
"27","6084","Chandigarh","6002","1","2015-02-19 17:36:00"
"28","6086","Chennai","6002","1","2015-02-19 17:36:00"
"29","6087","Chettinad","6002","1","2015-02-19 17:36:00"
"30","6088","Chhatra Sagar","6002","1","2015-02-19 17:36:00"
"31","6090","Chikmaglur","6002","1","2015-02-19 17:36:00"
"32","6093","Chittorgarh","6002","1","2015-02-19 17:36:00"
"33","6095","Cochin","6002","1","2015-02-19 17:36:00"
"34","6096","Coimbatore","6002","1","2015-02-19 17:36:00"
"35","6097","Conoor","6002","1","2015-02-19 17:36:00"
"36","6098","Coorg","6002","1","2015-02-19 17:36:00"
"37","6099","Corbett","6002","1","2015-02-19 17:36:00"
"38","6103","Darjeeling","6002","1","2015-02-19 17:36:00"
"39","6108","Delhi","6002","1","2015-02-19 17:36:00"
"40","6109","Deogarh","6002","1","2015-02-19 17:36:00"
"41","6112","Devigarh","6002","1","2015-02-19 17:36:00"
"42","6114","Dharamsala","6002","1","2015-02-19 17:36:00"
"43","6125","Gangtok","6002","1","2015-02-19 17:36:00"
"44","6129","Gir","6002","1","2015-02-19 17:36:00"
"45","6130","Goa","6002","1","2015-02-19 17:36:00"
"46","6131","Gokarna","6002","1","2015-02-19 17:36:00"
"47","6137","Guwahati","6002","1","2015-02-19 17:36:00"
"48","6138","Gwalior","6002","1","2015-02-19 17:36:00"
"49","6140","Hampi","6002","1","2015-02-19 17:36:00"
"50","6141","Haridwar","6002","1","2015-02-19 17:36:00"
"51","6142","Hassan","6002","1","2015-02-19 17:36:00"
"52","6147","Hubli","6002","1","2015-02-19 17:36:00"
"53","6149","Hyderabad","6002","1","2015-02-19 17:36:00"
"54","6151","Indore","6002","1","2015-02-19 17:36:00"
"55","6154","Jaipur","6002","1","2015-02-19 17:36:00"
"56","6155","Jaisalmer","6002","1","2015-02-19 17:36:00"
"57","6162","Jhansi","6002","1","2015-02-19 17:36:00"
"58","6163","Jodhpur","6002","1","2015-02-19 17:36:00"
"59","6165","Jojawar","6002","1","2015-02-19 17:36:00"
"60","6166","Jorhat","6002","1","2015-02-19 17:36:00"
"61","6168","Kadappuram","6002","1","2015-02-19 17:36:00"
"62","6169","Kalimpong","6002","1","2015-02-19 17:36:00"
"63","6170","Kanam","6002","1","2015-02-19 17:36:00"
"64","6171","Kanchipuram","6002","1","2015-02-19 17:36:00"
"65","6172","Kanha","6002","1","2015-02-19 17:36:00"
"66","6175","Kanyakumari","6002","1","2015-02-19 17:36:00"
"67","6182","Kaziranga","6002","1","2015-02-19 17:36:00"
"68","6184","Khajuraho","6002","1","2015-02-19 17:36:00"
"69","6185","Khimsar","6002","1","2015-02-19 17:36:00"
"70","6187","Kodaikanal","6002","1","2015-02-19 17:36:00"
"71","6188","Kolkata","6002","1","2015-02-19 17:36:00"
"72","6190","Kota","6002","1","2015-02-19 17:36:00"
"73","6197","Kumbakonam","6002","1","2015-02-19 17:36:00"
"74","6199","Ladakh","6002","1","2015-02-19 17:36:00"
"75","6200","Leh","6002","1","2015-02-19 17:36:00"
"76","6204","Lucknow","6002","1","2015-02-19 17:36:00"
"77","6208","Madurai","6002","1","2015-02-19 17:36:00"
"78","6210","Maheshwar","6002","1","2015-02-19 17:36:00"
"79","6211","Mamallapuram","6002","1","2015-02-19 17:36:00"
"80","6212","Manali","6002","1","2015-02-19 17:36:00"
"81","6214","Mandawa","6002","0","2015-02-19 17:36:00"
"82","6219","Manvar","6002","1","2015-02-19 17:36:00"
"83","6225","Mount Abu","6002","1","2015-02-19 17:36:00"
"84","6227","Mumbai","6002","1","2015-02-19 17:36:00"
"85","6228","Munnar","6002","1","2015-02-19 17:36:00"
"86","6231","Mussoorie","6002","1","2015-02-19 17:36:00"
"87","6232","Mysore","6002","1","2015-02-19 17:36:00"
"88","6233","Nagarhole","6002","1","2015-02-19 17:36:00"
"89","6236","Nagpur","6002","1","2015-02-19 17:36:00"
"90","6242","Nashik","6002","1","2015-02-19 17:36:00"
"91","6245","Neeleshwar","6002","1","2015-02-19 17:36:00"
"92","6248","Nubra Valley","6002","1","2015-02-19 17:36:00"
"93","6250","Ooty","6002","1","2015-02-19 17:36:00"
"94","6251","Orchha","6002","1","2015-02-19 17:36:00"
"95","6252","Osian","6002","1","2015-02-19 17:36:00"
"96","6255","Palakkad","6002","1","2015-02-19 17:36:00"
"97","6259","Panna","6002","1","2015-02-19 17:36:00"
"98","6262","Patna","6002","1","2015-02-19 17:36:00"
"99","6265","Pench","6002","1","2015-02-19 17:36:00"
"100","6268","Pondicherry","6002","1","2015-02-19 17:36:00"
"101","6269","Poshina","6002","1","2015-02-19 17:36:00"
"102","6270","Pune","6002","1","2015-02-19 17:36:00"
"103","6271","Puri","6002","1","2015-02-19 17:36:00"
"104","6273","Pushkar","6002","1","2015-02-19 17:36:00"
"105","6276","Rajkot","6002","1","2015-02-19 17:36:00"
"106","6277","Ramathra","6002","1","2015-02-19 17:36:00"
"107","6281","Ranakpur","6002","1","2015-02-19 17:36:00"
"108","6284","Rann of Kutch","6002","1","2015-02-19 17:36:00"
"109","6285","Ranthambore","6002","1","2015-02-19 17:36:00"
"110","6287","Rishikesh","6002","1","2015-02-19 17:36:00"
"111","6288","Rohet","6002","1","2015-02-19 17:36:00"
"112","6292","Samode Village","6002","1","2015-02-19 17:36:00"
"113","6295","Satpura","6002","1","2015-02-19 17:36:00"
"114","6297","Shahpura","6002","1","2015-02-19 17:36:00"
"115","6300","Shimla","6002","1","2015-02-19 17:36:00"
"116","6313","Sunderbans","6002","0","2015-02-19 17:36:00"
"117","6316","Thanjavur","6002","1","2015-02-19 17:36:00"
"118","6317","Thattekad","6002","1","2015-02-19 17:36:00"
"119","6318","Thekkady","6002","1","2015-02-19 17:36:00"
"120","6320","Trichy","6002","1","2015-02-19 17:36:00"
"121","6321","Trivandrum","6002","1","2015-02-19 17:36:00"
"122","6323","Udaipur","6002","1","2015-02-19 17:36:00"
"123","6327","Vadodara","6002","1","2015-02-19 17:36:00"
"124","6329","Varanasi","6002","1","2015-02-19 17:36:00"
"125","6334","Wayanad","6002","1","2015-02-19 17:36:00"
"126","6335","Yuksom","6002","1","2015-02-19 17:36:00"
"290","6543","Pelling","6002","1","2015-02-19 17:36:00"
"293","6548","Kumbalgarh","6002","1","2015-02-19 17:36:00"
"294","6549","Kumarakom","6002","1","2015-02-19 17:36:00"
"295","6550","Ajabgarh","6002","1","2015-02-19 17:36:00"
"296","6551","Dehradun","6002","1","2015-02-19 17:36:00"
"297","6553","Port Blair","6002","1","2015-02-19 17:36:00"
"298","6554","Jabalpur","6002","1","2015-02-19 17:36:00"
"315","6574","Tadoba","6002","1","2015-02-19 17:36:00"
"326","6587","Kalka","6002","1","2015-02-19 17:36:00"
"332","6595","Bekal","6002","1","2015-02-19 17:36:00"
"335","6598","Mangalore","6002","1","2015-02-19 17:36:00"
"338","6606","Stok Valley","6002","1","2015-02-19 17:36:00"
"346","6614","Gurdaspur","6002","1","2015-02-19 17:36:00"
"349","6617","Nattika","6002","1","2015-02-19 17:36:00"
"455","6730","Kumarakom Houseboat","6002","1","2015-02-19 17:36:00"
"456","6731","Alleppey Houseboat","6002","1","2015-02-19 17:36:00"
"737","6002","India","6004","0","2015-02-19 17:36:00"
"740","6504","Dubai","6014","1","2015-05-11 00:00:00"
"741","6567","Ayutthaya","6013","1","2015-05-11 00:00:00"
"742","6496","Bangkok","6013","1","2015-05-11 00:00:00"
"743","6501","Chiang Mai","6013","1","2015-05-11 00:00:00"
"744","6503","Chiang Rai","6013","1","2015-05-11 00:00:00"
"745","6499","Chiang Saen","6013","1","2015-05-11 00:00:00"
"746","6535","Hua Hin","6013","1","2015-05-11 00:00:00"
"747","6500","Huay Xai / Mekong","6013","1","2015-05-11 00:00:00"
"748","6570","Kanchanaburi","6013","1","2015-05-11 00:00:00"
"749","6569","Khao Lak","6013","1","2015-05-11 00:00:00"
"750","6964","Khao Sok","6013","1","2015-05-11 00:00:00"
"751","6568","Koh Lanta","6013","1","2015-05-11 00:00:00"
"752","6963","Koh Phi Phi","6013","1","2015-05-11 00:00:00"
"753","6534","Koh Samet","6013","1","2015-05-11 00:00:00"
"754","6498","Koh Samui","6013","1","2015-05-11 00:00:00"
"755","6965","Koh Tao","6013","1","2015-05-11 00:00:00"
"756","6612","Koh Yao Noi","6013","1","2015-05-11 00:00:00"
"757","6611","Koh Yao Yai","6013","1","2015-05-11 00:00:00"
"758","6571","Krabi","6013","1","2015-05-11 00:00:00"
"759","6497","Phuket","6013","1","2015-05-11 00:00:00"
"760","6962","Railay Beach","6013","1","2015-05-11 00:00:00"
"761","6572","Sukhothai","6013","1","2015-05-11 00:00:00"
"762","6621","Thailand Night Train","6013","1","2015-05-11 00:00:00"
"763","6927","Adam's Peak","6012","1","2015-05-11 00:00:00"
"764","6544","Anuradhapura","6012","1","2015-05-11 00:00:00"
"765","6494","Ayurveda Beach Resorts","6012","1","2015-05-11 00:00:00"
"766","6956","Balapitiya","6012","1","2015-05-11 00:00:00"
"767","6928","Bentota","6012","1","2015-05-11 00:00:00"
"768","6478","Colombo","6012","1","2015-05-11 00:00:00"
"769","6926","Ella","6012","1","2015-05-11 00:00:00"
"770","6479","Galle - Beaches","6012","1","2015-05-11 00:00:00"
"771","6481","Galle Fort","6012","1","2015-05-11 00:00:00"
"772","6958","Haputale","6012","1","2015-05-11 00:00:00"
"773","6925","Hatton","6012","1","2015-05-11 00:00:00"
"774","6480","Kandy","6012","1","2015-05-11 00:00:00"
"775","6483","Kithulgala","6012","1","2015-05-11 00:00:00"
"776","6476","Negombo","6012","1","2015-05-11 00:00:00"
"777","6924","Nuwara Eliya","6012","1","2015-05-11 00:00:00"
"778","6975","Pasikudah","6012","1","2015-05-11 00:00:00"
"779","6620","Polonnaruwa","6012","1","2015-05-11 00:00:00"
"780","6923","Pussellawa","6012","1","2015-05-11 00:00:00"
"781","6486","Rainforest","6012","1","2015-05-11 00:00:00"
"782","6545","Sigiriya","6012","1","2015-05-11 00:00:00"
"783","6493","Tangalle","6012","1","2015-05-11 00:00:00"
"784","6490","Trincomalee","6012","1","2015-05-11 00:00:00"
"785","6929","Wadduwa","6012","1","2015-05-11 00:00:00"
"786","6957","Wilpattu","6012","1","2015-05-11 00:00:00"
"787","6485","Yala","6012","1","2015-05-11 00:00:00"
"788","6475","Singapore","6011","1","2015-05-11 00:00:00"
"789","6465","Chitwan","6010","1","2015-05-11 00:00:00"
"790","6466","Dhulikhel","6010","1","2015-05-11 00:00:00"
"791","6462","Kathmandu","6010","1","2015-05-11 00:00:00"
"792","6464","Nagarkot","6010","1","2015-05-11 00:00:00"
"793","6613","Patan","6010","1","2015-05-11 00:00:00"
"794","6467","Pokhara","6010","1","2015-05-11 00:00:00"
"795","6446","Male","6008","1","2015-05-11 00:00:00"
"796","6530","Bolaven Plateau","6007","1","2015-05-11 00:00:00"
"797","6527","Champassak","6007","1","2015-05-11 00:00:00"
"798","6443","Luang Prabang","6007","1","2015-05-11 00:00:00"
"799","6727","Luang Prabang / Mekong","6007","1","2015-05-11 00:00:00"
"800","6529","Muang La","6007","1","2015-05-11 00:00:00"
"801","6531","Pakbeng","6007","1","2015-05-11 00:00:00"
"802","6444","Pakse","6007","1","2015-05-11 00:00:00"
"803","6728","Pakse / Mekong Delta","6007","1","2015-05-11 00:00:00"
"804","6899","Phonsavan","6007","1","2015-05-11 00:00:00"
"805","6936","Vang Vieng","6007","1","2015-05-11 00:00:00"
"806","6442","Vientianne","6007","1","2015-05-11 00:00:00"
"807","6532","Xe Pian National Park","6007","1","2015-05-11 00:00:00"
"808","6435","Battambang","6006","1","2015-05-11 00:00:00"
"809","6437","Kep","6006","1","2015-05-11 00:00:00"
"810","6967","Koh Kong / Tatai River","6006","1","2015-05-11 00:00:00"
"811","6439","Kompong Thom","6006","1","2015-05-11 00:00:00"
"812","6434","Phnom Penh","6006","1","2015-05-11 00:00:00"
"813","6436","Rattanakiri","6006","1","2015-05-11 00:00:00"
"814","6432","Siem Reap","6006","1","2015-05-11 00:00:00"
"815","6729","Siem Reap / Mekong","6006","1","2015-05-11 00:00:00"
"816","6438","Sihanoukville","6006","1","2015-05-11 00:00:00"
"817","6428","Bumthang","6005","1","2015-05-11 00:00:00"
"818","6430","Gangtey","6005","1","2015-05-11 00:00:00"
"819","6422","Paro","6005","1","2015-05-11 00:00:00"
"820","6425","Phuentsholing","6005","1","2015-05-11 00:00:00"
"821","6426","Punakha","6005","1","2015-05-11 00:00:00"
"822","6423","Thimphu","6005","1","2015-05-11 00:00:00"
"823","6429","Trongsa","6005","1","2015-05-11 00:00:00"
"824","6427","Wangdue","6005","1","2015-05-11 00:00:00"
"825","6004","Asia","0","1","2015-05-11 00:00:00"
"826","6005","Bhutan","6004","0","2015-05-11 00:00:00"
"827","6006","Cambodia","6004","0","2015-05-11 00:00:00"
"828","6007","Laos","6004","0","2015-05-11 00:00:00"
"829","6008","Maldives","6004","0","2015-05-11 00:00:00"
"830","6009","Myanmar","6004","0","2015-05-11 00:00:00"
"831","6010","Nepal","6004","0","2015-05-11 00:00:00"
"832","6012","Sri Lanka","6004","0","2015-05-11 00:00:00"
"833","6013","Thailand","6004","0","2015-05-11 00:00:00"
"834","6014","United Arab Emirates","6004","0","2015-05-11 00:00:00"
"835","6015","Vietnam","6004","0","2015-05-11 00:00:00"
"836","6447","Yangon","6009","1","2015-05-11 00:00:00"
"837","6448","Bagan","6009","1","2015-05-11 00:00:00"
"838","6449","Inle Lake","6009","1","2015-05-11 00:00:00"
"839","6450","Ngapali Beach","6009","1","2015-05-11 00:00:00"
"840","6451","Kyaiktiyo","6009","1","2015-05-11 00:00:00"
"841","6452","Pindaya","6009","1","2015-05-11 00:00:00"
"842","6453","Kalaw","6009","1","2015-05-11 00:00:00"
"843","6454","Monywa","6009","1","2015-05-11 00:00:00"
"844","6455","Mrauk U","6009","1","2015-05-11 00:00:00"
"845","6456","Mt. Popa","6009","1","2015-05-11 00:00:00"
"846","6457","Bagan / Ayeyarwady","6009","1","2015-05-11 00:00:00"
"847","6458","Kyaing Tong","6009","1","2015-05-11 00:00:00"
"848","6459","Mandalay","6009","1","2015-05-11 00:00:00"
"849","6460","Heho","6009","1","2015-05-11 00:00:00"
"850","6505","Hanoi","6015","1","2015-05-11 00:00:00"
"851","6506","Halong Bay","6015","1","2015-05-11 00:00:00"
"852","6507","Sapa & The Tonkinese Alps","6015","1","2015-05-11 00:00:00"
"853","6508","Mai Chau","6015","1","2015-05-11 00:00:00"
"854","6509","Ninh Binh","6015","1","2015-05-11 00:00:00"
"855","6510","Cat Ba Island","6015","1","2015-05-11 00:00:00"
"856","6511","Hué","6015","1","2015-05-11 00:00:00"
"857","6512","Hoi An","6015","1","2015-05-11 00:00:00"
"858","6513","Ho Chi Minh City/Saigon","6015","1","2015-05-11 00:00:00"
"859","6514","Mui Ne","6015","1","2015-05-11 00:00:00"
"860","6515","Nha Trang","6015","1","2015-05-11 00:00:00"
"861","6516","Phu Quoc Island","6015","1","2015-05-11 00:00:00"
"862","6517","Can Tho","6015","1","2015-05-11 00:00:00"
"863","6518","Chau Doc","6015","1","2015-05-11 00:00:00"
"864","6519","Dalat","6015","1","2015-05-11 00:00:00"
"865","6520","Vietnam Night Train","6015","1","2015-05-11 00:00:00"
"866","6521","Laocai","6015","1","2015-05-11 00:00:00"
"867","6522","Danang","6015","1","2015-05-11 00:00:00"
"868","6523","Qui Nhon","6015","1","2015-05-11 00:00:00"
"869","6524","My Tho / Mekong Delta","6015","1","2015-05-11 00:00:00"
"870","6525","Cai Be","6015","1","2015-05-11 00:00:00"
"871","6528","Con Dao","6015","1","2015-05-11 00:00:00"
"872","6533","Vung Tau","6015","1","2015-05-11 00:00:00"
"873","6536","Nyaung U","6009","1","2015-05-11 00:00:00"
"874","6537","Thandwe","6009","1","2015-05-11 00:00:00"
"875","6538","Sittwe","6009","1","2015-05-11 00:00:00"
"876","6539","Ngwe Saung Beach","6009","1","2015-05-11 00:00:00"
"877","6542","Pyin Oo Lwin","6009","1","2015-05-11 00:00:00"
"878","6575","Tachileik","6009","1","2015-05-11 00:00:00"
"879","6602","Hai Phong","6015","1","2015-05-11 00:00:00"
"880","6618","Ubon","6013","1","2015-05-11 00:00:00"
"881","6619","Oudomxay","6007","1","2015-05-11 00:00:00"
"882","6623","Hpa An","6009","1","2015-05-11 00:00:00"
"883","6624","Mawlamyine","6009","1","2015-05-11 00:00:00"
"884","6725","Cai Be / Mekong Delta","6015","1","2015-05-11 00:00:00"
"885","6726","Can Tho / Mekong Delta","6015","1","2015-05-11 00:00:00"
"886","6937","Hsipaw","6009","1","2015-05-11 00:00:00"
"887","6938","Lashio","6009","1","2015-05-11 00:00:00"
"888","6979","Mandalay / Ayeyarwady","6009","1","2015-05-11 00:00:00"
"889","6631","Aberdares","6629","1","2015-05-14 00:00:00"
"890","6632","Amboseli","6629","1","2015-05-14 00:00:00"
"891","6663","Arusha","6662","1","2015-05-14 00:00:00"
"892","6664","Arusha National Park","6662","0","2015-05-14 00:00:00"
"893","6665","Bagamoyo","6662","1","2015-05-14 00:00:00"
"894","6655","Chalbi Desert","6629","1","2015-05-14 00:00:00"
"895","6656","Chale Island","6629","1","2015-05-14 00:00:00"
"896","6633","Chyulu Hills","6629","1","2015-05-14 00:00:00"
"897","6666","Dar es Salaam","6662","1","2015-05-14 00:00:00"
"898","6668","Gombe Stream","6662","1","2015-05-14 00:00:00"
"899","6669","Grumeti Reserve","6662","1","2015-05-14 00:00:00"
"900","6657","Kakamega Forest","6629","1","2015-05-14 00:00:00"
"901","6690","Katavi","6662","1","2015-05-14 00:00:00"
"902","6634","Kenyan Coast","6629","1","2015-05-14 00:00:00"
"903","6660","Kericho & Nandi Hills","6629","1","2015-05-14 00:00:00"
"904","6658","Kerio Valley","6629","1","2015-05-14 00:00:00"
"905","6670","Kigoma","6662","1","2015-05-14 00:00:00"
"906","6671","Kilimanjaro","6662","1","2015-05-14 00:00:00"
"907","6672","Kilwa","6662","1","2015-05-14 00:00:00"
"908","6659","Kisumu","6629","1","2015-05-14 00:00:00"
"909","6637","Kiwayu","6629","1","2015-05-14 00:00:00"
"910","6638","Laikipia","6629","1","2015-05-14 00:00:00"
"911","6636","Baringo & Bogoria","6629","1","2015-05-14 00:00:00"
"912","6635","Lake Bogoria","6629","0","2015-05-14 00:00:00"
"913","6639","Lake Elementaita","6629","1","2015-05-14 00:00:00"
"914","6673","Lake Eyasi","6662","1","2015-05-14 00:00:00"
"916","6640","Lake Naivasha","6629","0","2015-05-14 00:00:00"
"917","6641","Lake Nakuru & Lake Elementaita","6629","1","2015-05-14 00:00:00"
"918","6674","Lake Natron","6662","1","2015-05-14 00:00:00"
"919","6642","Lake Turkana","6629","1","2015-05-14 00:00:00"
"920","6643","Lake Victoria","6629","1","2015-05-14 00:00:00"
"921","6693","Rubondo Island","6662","1","2015-05-14 00:00:00"
"922","6644","Lamu","6629","1","2015-05-14 00:00:00"
"923","6675","Mafia Island","6662","1","2015-05-14 00:00:00"
"924","6676","Mahale","6662","1","2015-05-14 00:00:00"
"925","6645","Masai Mara","6629","1","2015-05-14 00:00:00"
"926","6646","Meru National Park","6629","1","2015-05-14 00:00:00"
"927","6935","Migori","6629","1","2015-05-14 00:00:00"
"928","6677","Mikindani","6662","1","2015-05-14 00:00:00"
"929","6678","Mikumi","6662","1","2015-05-14 00:00:00"
"930","6647","Mombasa","6629","0","2015-05-14 00:00:00"
"931","6913","Moshi","6662","1","2015-05-14 00:00:00"
"932","6648","Mt. Kenya","6629","1","2015-05-14 00:00:00"
"933","6934","Mt. Kilimanjaro","6662","1","2015-05-14 00:00:00"
"934","6679","Mt. Meru","6662","1","2015-05-14 00:00:00"
"935","6691","Mwanza","6662","1","2015-05-14 00:00:00"
"936","6630","Nairobi","6629","1","2015-05-14 00:00:00"
"937","6908","Manyara & Ngorongoro","6662","1","2015-05-14 00:00:00"
"938","6901","North Coast","6629","1","2015-05-14 00:00:00"
"939","6680","Pangani","6662","1","2015-05-14 00:00:00"
"940","6909","Pemba Island","6662","1","2015-05-14 00:00:00"
"941","6667","Ras Kutani","6662","1","2015-05-14 00:00:00"
"942","6681","Ruaha","6662","1","2015-05-14 00:00:00"
"943","6682","Saadani","6662","0","2015-05-14 00:00:00"
"944","6649","Saiwa Swamp","6629","1","2015-05-14 00:00:00"
"945","6650","Samburu","6629","1","2015-05-14 00:00:00"
"946","6683","Selous","6662","1","2015-05-14 00:00:00"
"947","6684","Serengeti (Central)","6662","1","2015-05-14 00:00:00"
"948","6911","Serengeti (Grumeti Reserve)","6662","0","2015-05-14 00:00:00"
"949","6912","Serengeti (Northern)","6662","1","2015-05-14 00:00:00"
"950","6914","Serengeti (Southern)","6662","1","2015-05-14 00:00:00"
"951","6915","Serengeti (Western)","6662","1","2015-05-14 00:00:00"
"952","6902","Shaba","6629","1","2015-05-14 00:00:00"
"953","6696","Fanjove Island","6662","1","2015-05-14 00:00:00"
"954","6651","Suguta Valley & Mt Nyiro","6629","1","2015-05-14 00:00:00"
"955","6652","Tana Delta","6629","1","2015-05-14 00:00:00"
"956","6692","Tanga","6662","1","2015-05-14 00:00:00"
"957","6685","Tarangire","6662","1","2015-05-14 00:00:00"
"958","6910","Tarime","6662","1","2015-05-14 00:00:00"
"959","6654","Tsavo East","6629","1","2015-05-14 00:00:00"
"960","6653","Tsavo West","6629","1","2015-05-14 00:00:00"
"961","6686","Udzungwa","6662","1","2015-05-14 00:00:00"
"962","6687","Usambara Mountains","6662","1","2015-05-14 00:00:00"
"963","6695","West Kilimanjaro","6662","1","2015-05-14 00:00:00"
"964","6688","Zanzibar","6662","1","2015-05-14 00:00:00"
"965","6689","Zanzibar Stone Town","6662","1","2015-05-14 00:00:00"
"966","6628","Africa","0","1","2015-05-14 00:00:00"
"967","6662","Tanzania","6628","1","2015-05-14 00:00:00"
"968","6629","Kenya","6628","1","2015-05-14 00:00:00"
"969","6698","Akagera","6697","1","2015-05-15 00:00:00"
"970","6717","Budongo Forest","6705","1","2015-05-15 00:00:00"
"971","6951","Bulago Island","6705","1","2015-05-15 00:00:00"
"972","6703","Butare","6697","1","2015-05-15 00:00:00"
"973","6719","Bwindi","6705","1","2015-05-15 00:00:00"
"974","6904","Cyangugu","6697","1","2015-05-15 00:00:00"
"975","6706","Entebbe","6705","1","2015-05-15 00:00:00"
"976","6720","Jinja & Nile","6705","1","2015-05-15 00:00:00"
"977","6721","Kampala","6705","1","2015-05-15 00:00:00"
"978","6707","Kibale","6705","1","2015-05-15 00:00:00"
"979","6708","Kidepo Valley","6705","1","2015-05-15 00:00:00"
"980","6699","Kigali","6697","1","2015-05-15 00:00:00"
"981","6709","Lake Albert","6705","1","2015-05-15 00:00:00"
"982","6710","Lake Bunyonyi","6705","1","2015-05-15 00:00:00"
"983","6700","Lake Kivu - Gisenyi","6697","1","2015-05-15 00:00:00"
"984","6704","Lake Kivu - Kibuye","6697","1","2015-05-15 00:00:00"
"985","6711","Lake Mburo","6705","1","2015-05-15 00:00:00"
"986","6922","Mbale","6705","1","2015-05-15 00:00:00"
"987","6712","Mgahinga","6705","1","2015-05-15 00:00:00"
"988","6713","Mt Elgon -Trekking","6705","1","2015-05-15 00:00:00"
"989","6714","Murchison Falls","6705","1","2015-05-15 00:00:00"
"990","6903","Nyiragongo","6697","1","2015-05-15 00:00:00"
"991","6701","Nyungwe","6697","1","2015-05-15 00:00:00"
"992","6715","Queen Elisabeth","6705","1","2015-05-15 00:00:00"
"993","6716","Rwenzoris","6705","1","2015-05-15 00:00:00"
"994","6718","Semliki","6705","1","2015-05-15 00:00:00"
"995","6702","Volcanos","6697","1","2015-05-15 00:00:00"
"996","6990","Ziwa Rhino Sanctuary","6705","1","2015-05-15 00:00:00"
"998","6705","Uganda","6628","1","2015-05-17 00:00:00"
"999","6697","Rwanda","6628","1","2015-05-17 00:00:00"
"1049","6734","Botswana","6628","1","2015-05-23 00:00:00"
"1050","6742","Central Kalahari","6734","1","2015-05-23 00:00:00"
"1051","6746","Chobe National Park","6734","1","2015-05-23 00:00:00"
"1052","6744","Gaborone","6734","1","2015-05-23 00:00:00"
"1053","6747","Kalahari Salt Pans / Makgadikgadi","6734","1","2015-05-23 00:00:00"
"1054","6743","Kasane","6734","1","2015-05-23 00:00:00"
"1055","6735","Maun","6734","1","2015-05-23 00:00:00"
"1056","6748","Okavango Delta","6734","1","2015-05-23 00:00:00"
"1057","6749","Savuti & Linyanti","6734","1","2015-05-23 00:00:00"
"1058","6750","Serowe","6734","1","2015-05-23 00:00:00"
"1059","6745","Tuli Block","6734","1","2015-05-23 00:00:00"
"1060","6921","Tuli Game Reserve","6734","1","2015-05-23 00:00:00"
"1061","6738","Zambia","6628","1","2015-05-23 00:00:00"
"1062","6809","Chipata","6738","1","2015-05-23 00:00:00"
"1063","6806","Kafue","6738","1","2015-05-23 00:00:00"
"1065","6803","Lower Zambezi","6738","1","2015-05-23 00:00:00"
"1066","6804","Lusaka","6738","1","2015-05-23 00:00:00"
"1067","6952","Ndola","6738","1","2015-05-23 00:00:00"
"1068","6807","North Luangwa","6738","1","2015-05-23 00:00:00"
"1069","6810","Petauke","6738","1","2015-05-23 00:00:00"
"1070","6811","Shiwa Ngandu","6738","1","2015-05-23 00:00:00"
"1071","6805","South Luangwa","6738","1","2015-05-23 00:00:00"
"1072","6739","Victoria Falls Zambia","6738","1","2015-05-23 00:00:00"
"1073","6808","Luambe National Park","6738","1","2015-05-23 00:00:00"
"1074","6736","Zimbabwe","6628","1","2015-05-23 00:00:00"
"1075","6820","Bulawayo","6736","1","2015-05-23 00:00:00"
"1076","6815","Eastern Highlands","6736","1","2015-05-23 00:00:00"
"1077","6816","Gonarezhou","6736","1","2015-05-23 00:00:00"
"1078","6817","Great Zimbabwe","6736","1","2015-05-23 00:00:00"
"1079","6822","Gweru","6736","1","2015-05-23 00:00:00"
"1080","6737","Harare","6736","1","2015-05-23 00:00:00"
"1081","6812","Hwange","6736","1","2015-05-23 00:00:00"
"1082","6813","Lake Kariba & Matusadona","6736","1","2015-05-23 00:00:00"
"1083","6818","Mana Pools","6736","1","2015-05-23 00:00:00"
"1084","6821","Masvingo","6736","1","2015-05-23 00:00:00"
"1085","6819","Matopos","6736","1","2015-05-23 00:00:00"
"1086","6814","Victoria Falls Zimbabwe","6736","1","2015-05-23 00:00:00"
"1087","6751","Malawi","6628","1","2015-05-29 00:00:00"
"1088","6756","Blantyre","6751","1","2015-05-29 00:00:00"
"1089","6752","Cape Mc Clear","6751","1","2015-05-29 00:00:00"
"1090","6753","Chintheche","6751","1","2015-05-29 00:00:00"
"1091","6755","Lake Malawi - Central Lakeshore","6751","1","2015-05-29 00:00:00"
"1092","6757","Lake Malawi - Northern Lakeshore & Livingstonia","6751","1","2015-05-29 00:00:00"
"1093","6758","Lake Malawi - Southern Lakeshore","6751","1","2015-05-29 00:00:00"
"1094","6916","Lilongwe","6751","1","2015-05-29 00:00:00"
"1095","6754","Livingstonia","6751","1","2015-05-29 00:00:00"
"1096","6919","Liwonde National Park","6751","1","2015-05-29 00:00:00"
"1097","6953","Majete Wildlife Reserve","6751","1","2015-05-29 00:00:00"
"1098","6917","Mulanje","6751","1","2015-05-29 00:00:00"
"1099","6920","Nyika Plateau","6751","1","2015-05-29 00:00:00"
"1100","6972","Shire Highlands","6751","1","2015-05-29 00:00:00"
"1101","6931","Zomba Plateau","6751","1","2015-05-29 00:00:00"
"1102","6740","Mozambique","6628","1","2015-05-29 00:00:00"
"1103","6773","Bazaruto - Vilanculos","6740","1","2015-05-29 00:00:00"
"1104","6778","Beira","6740","1","2015-05-29 00:00:00"
"1105","6770","Bilene","6740","1","2015-05-29 00:00:00"
"1106","6781","Chidenguele","6740","1","2015-05-29 00:00:00"
"1107","6760","Gorongosa","6740","1","2015-05-29 00:00:00"
"1108","6741","Ilha de Mozambique","6740","1","2015-05-29 00:00:00"
"1109","6779","Inhaca","6740","1","2015-05-29 00:00:00"
"1110","6762","Inhambane - Barra","6740","0","2015-05-29 00:00:00"
"1111","6775","Inhambane - Linga Linga","6740","0","2015-05-29 00:00:00"
"1112","6774","Inhambane","6740","1","2015-05-29 00:00:00"
"1113","6763","Lake Malawi - Mozambique","6740","1","2015-05-29 00:00:00"
"1114","6932","Limpopo National Park","6740","1","2015-05-29 00:00:00"
"1115","6780","Manica","6740","1","2015-05-29 00:00:00"
"1116","6764","Maputo","6740","1","2015-05-29 00:00:00"
"1117","6776","Memba Bay","6740","1","2015-05-29 00:00:00"
"1118","6761","Nampula","6740","1","2015-05-29 00:00:00"
"1119","6765","Niassa Game Reserve","6740","1","2015-05-29 00:00:00"
"1120","6772","Nuarro & Ihla de Mozambique","6740","1","2015-05-29 00:00:00"
"1121","6766","Pemba","6740","1","2015-05-29 00:00:00"
"1122","6777","Pomene","6740","1","2015-05-29 00:00:00"
"1123","6771","Ponta Do Ouro","6740","1","2015-05-29 00:00:00"
"1124","6767","Quirimbas","6740","1","2015-05-29 00:00:00"
"1125","6768","Transfrontier National Park","6740","1","2015-05-29 00:00:00"
"1126","6769","Zongoene","6740","1","2015-05-29 00:00:00"
"1127","6732","South Africa","6628","1","2015-05-25 17:36:00"
"1128","6857","Battlefields","6732","1","2015-05-25 17:36:00"
"1129","6823","Cape Dutch","6732","1","2015-05-25 17:36:00"
"1130","6733","Cape Town","6732","1","2015-05-25 17:36:01"
"1131","6859","Cederberg","6732","1","2015-05-25 17:36:02"
"1132","6838","Drakensberg North","6732","1","2015-05-25 17:36:03"
"1133","6839","Durban","6732","1","2015-05-25 17:36:04"
"1134","6860","Eastern Cape Game Parks","6732","1","2015-05-25 17:36:05"
"1135","6856","Entabeni Conservancy","6732","1","2015-05-25 17:36:06"
"1136","6846","Gansbaai","6732","1","2015-05-25 17:36:07"
"1137","6861","Garden Route","6732","1","2015-05-25 17:36:08"
"1138","6875","George","6732","1","2015-05-25 17:36:09"
"1139","6847","Blyde River Canyon","6732","1","2015-05-25 17:36:10"
"1140","6862","Hluhluwe","6732","1","2015-05-25 17:36:11"
"1141","6863","Isimangaliso","6732","1","2015-05-25 17:36:12"
"1142","6824","Johannesburg","6732","1","2015-05-25 17:36:13"
"1143","6918","Kalahari Desert","6783","1","2015-05-25 17:36:14"
"1144","6825","Kalahari Desert","6732","0","2015-05-25 17:36:15"
"1145","6864","Karoo","6732","1","2015-05-25 17:36:16"
"1146","6865","Kgalagadi","6732","1","2015-05-25 17:36:17"
"1147","6829","Kruger South","6732","1","2015-05-25 17:36:18"
"1148","6832","Limpompo","6732","1","2015-05-25 17:36:19"
"1149","6906","Luxury Trains","6732","0","2015-05-25 17:36:20"
"1150","6850","Madikwe","6732","1","2015-05-25 17:36:21"
"1151","6854","Makuleke Concession","6732","1","2015-05-25 17:36:22"
"1152","6855","Mapungubwe","6732","1","2015-05-25 17:36:23"
"1153","6835","Montagu","6732","1","2015-05-25 17:36:24"
"1154","6831","Mpumalanga Province","6732","1","2015-05-25 17:36:25"
"1155","6905","Nelspruit","6732","1","2015-05-25 17:36:26"
"1156","6828","Overberg","6732","1","2015-05-25 17:36:27"
"1157","6848","Phinda","6732","1","2015-05-25 17:36:28"
"1158","6844","Plettenberg Bay","6732","1","2015-05-25 17:36:29"
"1159","6830","Port Elizabeth","6732","1","2015-05-25 17:36:30"
"1160","6873","Port St Johns","6732","1","2015-05-25 17:36:31"
"1161","6941","Pretoria","6732","1","2015-05-25 17:36:32"
"1162","6974","Richards Bay","6732","1","2015-05-25 17:36:33"
"1163","6858","Rovos Rail (Pretoria - Cape Town)","6732","1","2015-05-25 17:36:34"
"1164","6988","Rovos Rail (Pretoria - Victoria Falls)","6732","1","2015-05-25 17:36:35"
"1165","6987","Rovos Rail (Victoria Falls - Pretoria)","6732","1","2015-05-25 17:36:36"
"1166","6866","Sanbona Wildlife Reserve","6732","1","2015-05-25 17:36:37"
"1167","6827","Stellenbosch","6732","1","2015-05-25 17:36:38"
"1168","6874","Sun City","6732","1","2015-05-25 17:36:39"
"1169","6837","Sycomore","6732","1","2015-05-25 17:36:40"
"1170","6876","Timbavati & Northern Sabi Sands","6732","1","2015-05-25 17:36:41"
"1171","6868","Waterberg","6732","0","2015-05-25 17:36:42"
"1172","6869","Wild Coast","6732","1","2015-05-25 17:36:43"
"1173","6870","Winelands","6732","1","2015-05-25 17:36:44"
"1174","6826","Worcester","6732","1","2015-05-25 17:36:45"
"1175","6867","Little Karoo","6732","1","2015-05-25 17:36:46"
"1176","6783","Namibia","6628","1","2015-05-25 17:36:46"
"1177","6986","AUS","6783","1","2015-05-25 17:36:47"
"1178","6798","Caprivi Rundu","6783","1","2015-05-25 17:36:48"
"1179","6793","Western Caprivi","6783","1","2015-05-25 17:36:49"
"1180","6792","Erongo","6783","1","2015-05-25 17:36:50"
"1181","6787","Etosha-Anderson Gate","6783","1","2015-05-25 17:36:51"
"1182","6797","Fish River Canyon","6783","1","2015-05-25 17:36:52"
"1183","6791","Kaokoland","6783","1","2015-05-25 17:36:53"
"1184","6800","Luderitz","6783","1","2015-05-25 17:36:54"
"1185","6794","Mudumu Park","6783","1","2015-05-25 17:36:55"
"1186","6790","Namib Desert","6783","1","2015-05-25 17:36:56"
"1187","6796","Okonjima","6783","1","2015-05-25 17:36:57"
"1188","6795","Outjo","6783","1","2015-05-25 17:36:58"
"1189","6788","Skeleton Coast","6783","1","2015-05-25 17:36:59"
"1190","6785","Sossusvlei","6783","1","2015-05-29 00:00:00"
"1191","6789","Swakopmund","6783","1","2015-05-29 00:00:00"
"1192","6954","Waterberg National Park","6783","1","2015-05-29 00:00:00"
"1193","6784","Windhoek","6783","1","2015-05-29 00:00:00"
"1194","6799","Damaraland - Twyfelfontein","6783","1","2015-05-29 00:00:00"
"1195","6840","Swaziland","6628","1","2015-05-29 00:00:00"
"1196","6841","Swaziland - Ezulwini","6840","1","2015-05-29 00:00:00"
"1197","6584","Copacabana","6577","1","2015-05-29 00:00:00"
"1198","6578","La Paz","6577","1","2015-05-29 00:00:00"
"1199","6609","Madidi National Park","6577","1","2015-05-29 00:00:00"
"1200","6586","Ojo de Perdiz","6577","1","2015-05-29 00:00:00"
"1201","6581","Potosi","6577","1","2015-05-29 00:00:00"
"1202","6583","Sajama","6577","1","2015-05-29 00:00:00"
"1203","6585","San Pedro de Quemez","6577","1","2015-05-29 00:00:00"
"1204","6579","Santa Cruz","6577","1","2015-05-29 00:00:00"
"1205","6580","Sucre","6577","1","2015-05-29 00:00:00"
"1206","6597","Tahua","6577","1","2015-05-29 00:00:00"
"1207","6582","Uyuni","6577","1","2015-05-29 00:00:00"
"1208","6577","Bolivia","6003","1","2015-05-29 00:00:00"
"1209","6003","South America","0","1","2015-05-29 00:00:00"
"1210","6897","Cotopaxi","6589","1","2015-06-04 00:00:00"
"1211","6592","Galápagos","6589","1","2015-06-04 00:00:00"
"1212","6591","Guayaquil","6589","1","2015-06-04 00:00:00"
"1213","6625","Isla Isabela","6589","1","2015-06-04 00:00:00"
"1214","6627","Isla Santa Cruz","6589","1","2015-06-04 00:00:00"
"1215","6898","Otavalo","6589","1","2015-06-04 00:00:00"
"1216","6590","Quito","6589","1","2015-06-04 00:00:00"
"1217","6626","San Cristobal","6589","1","2015-06-04 00:00:00"
"1218","6589","Ecuador","6003","1","2015-06-04 00:00:00"
"1220","6019","Peru","6003","1","2015-06-02 00:00:00"
"1221","6339","Bahia Bustamante","6016","1","2015-06-04 00:00:00"
"1222","6340","Bariloche","6016","1","2015-06-04 00:00:00"
"1223","6342","Buenos Aires","6016","1","2015-06-04 00:00:00"
"1224","6341","Buenos Aires Provincia","6016","1","2015-06-04 00:00:00"
"1225","6343","Cachi","6016","1","2015-06-04 00:00:00"
"1226","6345","Cafayate","6016","1","2015-06-04 00:00:00"
"1227","6616","Cancha Carrera","6016","1","2015-06-04 00:00:00"
"1228","6594","Comodoro Rivadavia","6016","1","2015-06-04 00:00:00"
"1229","6348","Córdoba","6016","1","2015-06-04 00:00:00"
"1230","6349","El Calafate","6016","1","2015-06-04 00:00:00"
"1231","6350","El Chaltén","6016","1","2015-06-04 00:00:00"
"1232","6351","Esteros del Iberá","6016","1","2015-06-04 00:00:00"
"1233","6354","Mendoza","6016","1","2015-06-04 00:00:00"
"1234","6356","Península de Valdés","6016","1","2015-06-04 00:00:00"
"1235","6560","Posadas","6016","1","2015-06-04 00:00:00"
"1236","6357","Puerto Iguazú","6016","1","2015-06-04 00:00:00"
"1237","6358","Puerto Madryn","6016","1","2015-06-04 00:00:00"
"1238","6361","Purmamarca","6016","1","2015-06-04 00:00:00"
"1239","6362","Salta","6016","1","2015-06-04 00:00:00"
"1240","6363","San Martín de los Andes","6016","1","2015-06-04 00:00:00"
"1241","6365","Santa Catalina","6016","1","2015-06-04 00:00:00"
"1242","6366","Tilcara","6016","1","2015-06-04 00:00:00"
"1243","6564","Trelew","6016","1","2015-06-04 00:00:00"
"1244","6369","Ushuaia","6016","1","2015-06-04 00:00:00"
"1245","6370","Ushuaia Cruise","6016","1","2015-06-04 00:00:00"
"1246","6371","Villa La Angostura","6016","1","2015-06-04 00:00:00"
"1247","6016","Argentina","6003","1","2015-06-04 00:00:00"
"1248","6018","Chile","6003","1","2015-06-04 00:00:00"
"1249","6377","Coyhaique","6018","1","2015-06-04 00:00:00"
"1250","6378","Chiloé","6018","1","2015-06-04 00:00:00"
"1251","6379","Huilo-Huilo","6018","1","2015-06-04 00:00:00"
"1252","6381","Cajón del Maipú","6018","1","2015-06-04 00:00:00"
"1253","6382","Petrohué","6018","1","2015-06-04 00:00:00"
"1254","6383","Peulla","6018","1","2015-06-04 00:00:00"
"1255","6384","Pucon","6018","1","2015-06-04 00:00:00"
"1256","6386","Puerto Guadal","6018","1","2015-06-04 00:00:00"
"1257","6387","Puerto Montt","6018","1","2015-06-04 00:00:00"
"1258","6388","Puerto Montt Cruise","6018","1","2015-06-04 00:00:00"
"1259","6389","Puerto Natales","6018","1","2015-06-04 00:00:00"
"1260","6390","Puerto Natales Cruise","6018","1","2015-06-04 00:00:00"
"1261","6391","Puerto Varas","6018","1","2015-06-04 00:00:00"
"1262","6393","Punta Arenas","6018","1","2015-06-04 00:00:00"
"1263","6394","Punta Arenas Cruise","6018","1","2015-06-04 00:00:00"
"1264","6396","Rapa Nui","6018","1","2015-06-04 00:00:00"
"1265","6397","San Pedro de Atacama","6018","1","2015-06-04 00:00:00"
"1266","6398","Santiago de Chile","6018","1","2015-06-04 00:00:00"
"1267","6399","Torres del Paine","6018","1","2015-06-04 00:00:00"
"1268","6400","Valle Nevado","6018","1","2015-06-04 00:00:00"
"1269","6401","Valparaíso","6018","1","2015-06-04 00:00:00"
"1270","6402","Viña del Mar","6018","1","2015-06-04 00:00:00"
"1271","6557","Balmaceda","6018","1","2015-06-04 00:00:00"
"1272","6558","Calama","6018","1","2015-06-04 00:00:00"
"1273","6561","Temuco","6018","1","2015-06-04 00:00:00"
"1274","6563","Colchagua","6018","1","2015-06-04 00:00:00"
"1275","6565","Casablanca","6018","1","2015-06-04 00:00:00"
"1276","6971","Millahue","6018","1","2015-06-04 00:00:00"
"1277","6980","Puerto Chacabuco","6018","1","2015-06-04 00:00:00"
"1278","6981","Lago Bertrand","6018","1","2015-06-04 00:00:00"
"1279","6982","Caleta Tortel","6018","1","2015-06-04 00:00:00"
"1280","6966","Rovos Rail (Cape Town - Pretoria)","6732","1","2015-06-04 00:00:00"
"1281","6017","Brazil","6003","1","2015-06-04 00:00:00"
"1282","6978","Buzios","6017","1","2015-06-04 00:00:00"
"1283","6573","Foz do Iguacu","6017","1","2015-06-04 00:00:00"
"1284","6374","Paraty","6017","1","2015-06-04 00:00:00"
"1285","6375","Picinguaba","6017","1","2015-06-04 00:00:00"
"1286","6372","Rio de Janeiro","6017","1","2015-06-04 00:00:00"
"1287","6596","São Paulo","6017","1","2015-06-04 00:00:00"
"1288","6405","Cusco","6019","1","0000-00-00 00:00:00"
"1289","6407","Arequipa","6019","1","0000-00-00 00:00:00"
"1290","6406","Lima","6019","1","0000-00-00 00:00:00"
"1291","6414","Paracas","6019","1","0000-00-00 00:00:00"
"1292","6411","Trujillo","6019","1","0000-00-00 00:00:00"
"1293","6410","Chiclayo","6019","1","0000-00-00 00:00:00"
"1294","6408","Puno","6019","1","0000-00-00 00:00:00"
"1295","6416","Colca","6019","1","0000-00-00 00:00:00"
"1296","6409","Sacred Valley","6019","1","0000-00-00 00:00:00"
"1297","6417","Nazca","6019","1","0000-00-00 00:00:00"
"1298","6413","Iquitos","6019","1","0000-00-00 00:00:00"
"1299","6418","Iquitos Cruise","6019","1","0000-00-00 00:00:00"
"1300","6412","Puerto Maldonado","6019","1","0000-00-00 00:00:00"
"1301","6404","Machu Picchu Pueblo","6019","1","0000-00-00 00:00:00"
"1302","6608","Taquile / Amantaní","6019","1","0000-00-00 00:00:00"
"1303","6610","Isla Suasi","6019","1","0000-00-00 00:00:00"
"1304","6607","Inca Trail","6019","1","0000-00-00 00:00:00"
"1305","6615","Salkantay Trek","6019","1","0000-00-00 00:00:00"
"1306","6959","Cajamarca","6019","1","0000-00-00 00:00:00"
"1307","6961","Mancora","6019","1","0000-00-00 00:00:00"
"1308","6973","Leymebamba","6019","1","0000-00-00 00:00:00"
"1309","6960","Chachapoyas","6019","1","0000-00-00 00:00:00"
"1310","6977","Cordillera Blanca","6019","1","0000-00-00 00:00:00"
"1312","6420","Colonia de Sacramento","6020","1","0000-00-00 00:00:00"
"1313","6419","Punta del Este","6020","1","0000-00-00 00:00:00"
"1314","6421","Montevideo","6020","1","0000-00-00 00:00:00"
"1315","6020","Uruguay","6003","1","0000-00-00 00:00:00"
"1316","7000","Argentina Night Bus","6016","1","0000-00-00 00:00:00"
"1317","7001","Chile Night Bus","6018","1","0000-00-00 00:00:00"
"1318","6895","Mauritius","6628","1","2015-06-29 00:00:00"
"1319","6896","Mauritius","6895","1","2015-06-29 00:00:00"
"1320","6999","Churu","6002","1","2015-06-29 00:00:00"
"1321","6882","Seychelles","6628","1","2015-06-30 00:00:00"
"1322","6883","Alphonse Island","6882","1","0000-00-00 00:00:00"
"1323","6891","Bird Island","6882","1","0000-00-00 00:00:00"
"1324","6892","Cerf Island","6882","1","0000-00-00 00:00:00"
"1325","6884","Denis Island","6882","1","0000-00-00 00:00:00"
"1326","6885","Desroches Island","6882","1","0000-00-00 00:00:00"
"1327","6886","Fregate Island","6882","1","0000-00-00 00:00:00"
"1328","6894","La Digue Island","6882","1","0000-00-00 00:00:00"
"1329","6887","Mahe","6882","1","0000-00-00 00:00:00"
"1330","6888","North Island","6882","1","0000-00-00 00:00:00"
"1331","6889","Praslin Island","6882","1","0000-00-00 00:00:00"
"1332","6890","Saint Anne","6882","1","0000-00-00 00:00:00"
"1333","6893","Silhouette Island","6882","1","0000-00-00 00:00:00"
"1334","7003","Swaziland - Mkhaya Game Reserve","6840","1","2015-07-03 00:00:00"
"1335","7004","Swaziland - Piggs Peak","6840","1","2015-07-03 00:00:00"
"1336","6786","Etosha (von Lindequist Gate)","6783","1","2015-07-14 17:36:51"
"1337","6992","Namib Rand Reserve","6783","1","2015-07-14 17:36:51"
"1338","6877","Lesotho","6628","1","2015-07-15 00:00:00"
"1339","6879","Central & Northeastern Lesotho","6877","1","2015-07-15 00:00:00"
"1340","6878","Western Lesotho","6877","1","2015-07-15 00:00:00"
"1341","6880","Southern Lesotho","6877","0","2015-07-15 00:00:00"
"1342","6881","Lesotho - Mountain Kingdom","6877","1","2015-07-15 00:00:00"
"1343","6995","Damaraland - Palmwag","6783","1","2015-05-29 00:00:00"
"1344","7005","Loikaw","6009","1","2015-08-04 00:00:00"
"1345","7006","Pangong Lake","6002","1","2015-08-04 00:00:00"
"1346","7002","Jawai","6002","1","2015-08-04 00:00:00"
"1347","7014","Self Organised Africa","6628","1","2015-08-31 17:35:00"
"1348","7016","Self Organised South America","6003","1","2015-08-31 17:35:00"
"1349","7015","Self Organised Asia","6010","1","2015-08-31 17:35:00"
"1350","7012","Self Organised India","6002","1","2015-08-31 17:35:00"
"1351","7020","Lago Viedma","6016","1","2015-09-04 00:00:00"
"1352","7019","Glaciar Upsala","6016","1","2015-09-04 00:00:00"
"1353","7021","José Ignacio","6020","1","2015-09-04 00:00:00"
"1354","7022","Nong Khiaw","6007","1","2015-10-21 00:00:00"
"1355","7023","Hin Boun","6007","1","2015-10-21 00:00:00"
"1356","7024","Thakek","6007","1","2015-10-21 00:00:00"
"1357","7025","Savannakhet","6007","1","2015-10-21 00:00:00"
"1358","500003","Bas","6002","1","0000-00-00 00:00:00"
"1359","500004","Test OCt","6016","1","0000-00-00 00:00:00"
"1360","500008","Bas","6002","1","0000-00-00 00:00:00"
"1361","500010","Dong Hoi ","6015","1","0000-00-00 00:00:00"
"1362","500011","Bas","6002","1","0000-00-00 00:00:00"
"1363","500015","Bijapur","6002","1","0000-00-00 00:00:00"
"1364","500025","Bas","6002","1","0000-00-00 00:00:00"
"1365","500035","Thiksey","6002","1","0000-00-00 00:00:00"
"1366","500042","Putao","6009","1","0000-00-00 00:00:00"
"1367","500051","Napo River","6589","1","0000-00-00 00:00:00"
"1368","500061","Isla del Sol","6577","1","0000-00-00 00:00:00"
"1369","500062","Isla del Sol","6577","1","0000-00-00 00:00:00"
"1370","500066","Cochabamba","6577","1","0000-00-00 00:00:00"
"1371","7026","Pali","6002","1","2015-11-17 00:00:00"
"1372","500085","Mathura","6002","1","0000-00-00 00:00:00"
"1373","500086","Cuiabá","6017","1","0000-00-00 00:00:00"
"1374","500087","Poconé","6017","1","0000-00-00 00:00:00"
"1375","500101","Riombamba","6589","1","0000-00-00 00:00:00"
"1376","500102","Riobamba","6589","1","0000-00-00 00:00:00"
"1377","500105","Cuenca","6589","1","0000-00-00 00:00:00"
"1378","500126","Manaus","6017","1","0000-00-00 00:00:00"
"1379","500143","Bijapur","6002","1","0000-00-00 00:00:00"
"1380","500158","Napo River","6589","1","0000-00-00 00:00:00"
"1381","500192","Haa","6005","1","0000-00-00 00:00:00"
"1382","500194","Otavalo","6589","1","0000-00-00 00:00:00"
"1383","500243","Hotel Aditya","6002","1","0000-00-00 00:00:00"
"1384","500244","Gulbarga","6002","1","0000-00-00 00:00:00"
"1385","500292","Sunderbans","6002","1","0000-00-00 00:00:00"
"1386","500297","Tirupur","6002","1","0000-00-00 00:00:00"
"1387","500307","Guruvayoor","6002","1","0000-00-00 00:00:00"
"1388","500310","Thalassery","6002","1","0000-00-00 00:00:00"
"1389","500346","Kalahari Reserve","6732","1","0000-00-00 00:00:00"
"1390","500359","Napo River","6589","1","0000-00-00 00:00:00"
"1391","500398","Sundarbans","6002","1","0000-00-00 00:00:00"
"1392","500417","Lasso","6589","1","0000-00-00 00:00:00"
"1393","500418","Lasso","6016","1","0000-00-00 00:00:00"
"1394","500419","Lasso","6589","1","0000-00-00 00:00:00"
"1395","500449","Phitsanulok","6013","1","0000-00-00 00:00:00"
"1396","500471","Hong Kong","6015","1","0000-00-00 00:00:00"
"1397","500475","Mergui-Archipel","6009","1","0000-00-00 00:00:00"
"1398","500477","Kawthaung ","6009","1","0000-00-00 00:00:00"
"1399","500479","Mergui-Archipel","6009","1","0000-00-00 00:00:00"
"1400","500480","Mergui-Archipel","6009","1","0000-00-00 00:00:00"
"1401","500489","Bhamo","6009","1","0000-00-00 00:00:00"
"1402","500497","Kushinagar","6002","1","0000-00-00 00:00:00"
"1403","500499","Jamshedpur","6002","1","0000-00-00 00:00:00"
"1404","500517","Ranong","6013","1","0000-00-00 00:00:00"
"1405","500521","Serenje","6738","1","0000-00-00 00:00:00"
"1406","7028","Raipur","6002","1","2016-01-04 00:00:00"
"1407","500543","Jabalpur","6002","1","0000-00-00 00:00:00"
"1408","500546","Vellore","6002","1","0000-00-00 00:00:00"
"1409","7029","Drakensberg South","6732","1","2015-05-25 17:36:03"
"1410","500549","Rocha","6020","1","0000-00-00 00:00:00"
"1411","6604","China","6004","1","2016-01-06 00:00:00"
"1412","500558","Surathkal","6002","1","0000-00-00 00:00:00"
"1413","500566","Mandya","6002","1","0000-00-00 00:00:00"
"1414","500569","Hong Kong","6604","1","0000-00-00 00:00:00"
"1415","500574","Royal Rajasthan on Wheels","6002","1","0000-00-00 00:00:00"
"1416","500585","Mauritius","6895","1","0000-00-00 00:00:00"
"1417","500588","Valle del Elqui","6018","1","0000-00-00 00:00:00"
"1418","500589","La Serena","6018","1","0000-00-00 00:00:00"
"1419","500596","Napo River","6589","1","0000-00-00 00:00:00"
"1420","500606","Ananthpur","6002","1","0000-00-00 00:00:00"
"1421","500625","Anantapur","6002","1","0000-00-00 00:00:00"
"1422","7030","Anantapur (FVF)","6002","1","2016-01-13 00:00:00"
"1423","500648","Sun City","6732","1","0000-00-00 00:00:00"
"1424","500652","Lago Agrio","6589","1","0000-00-00 00:00:00"
"1425","500678","Leh","6002","1","0000-00-00 00:00:00"
"1426","500682","Mauritius","6895","1","0000-00-00 00:00:00"
"1427","500686","Tswalu Kalahari Reserve","6732","1","0000-00-00 00:00:00"
"1428","500695","Talalla","6012","1","0000-00-00 00:00:00"
"1429","500701","Dong Hoi ","6015","1","0000-00-00 00:00:00"
"1430","500703","Kalpitiya, Puttalam","6012","1","0000-00-00 00:00:00"
"1431","500722","Bloemfontein","6732","1","0000-00-00 00:00:00"
"1432","500754","Mauritius","6895","1","0000-00-00 00:00:00"
"1433","500770","Mauritius*","6895","1","0000-00-00 00:00:00"
"1434","500843","Dandeli","6002","1","0000-00-00 00:00:00"
"1435","500857","Hong Kong","6604","1","0000-00-00 00:00:00"
"1436","500858","Hong Kong","6604","1","0000-00-00 00:00:00"
"1437","500861","Trekking von Lukla nach Tengboche","6010","1","0000-00-00 00:00:00"
"1438","500862","Trekking von Lukla nach Tengboche","6010","1","0000-00-00 00:00:00"
"1439","500889","Aliwal North","6732","1","0000-00-00 00:00:00"
"1440","500909","Trekking Lukhla","6010","1","0000-00-00 00:00:00"
"1441","500918","Haa Valley","6005","1","0000-00-00 00:00:00"
"1442","500952","Rameswaram","6002","1","0000-00-00 00:00:00"
"1443","500961","Salvador de Bahia","6017","1","0000-00-00 00:00:00"
"1444","500967","Iquique","6018","1","0000-00-00 00:00:00"
"1445","500973","Ayeyarwady Cruise","6009","1","0000-00-00 00:00:00"
"1446","500976","Zapallar","6018","1","0000-00-00 00:00:00"
"1447","500985","Cederberg Mountains","6732","1","0000-00-00 00:00:00"
"1448","7031","Masai Mara Walking Safari","6629","1","2015-05-14 00:00:00"
"1449","500990","Bloemfontein","6732","1","0000-00-00 00:00:00"
"1450","500999","Napo River","6589","1","0000-00-00 00:00:00"
"1451","501009","Yangon - Mandalay Bus","6009","1","0000-00-00 00:00:00"
"1452","501016","Aquila Game Reserve","6732","1","0000-00-00 00:00:00"
"1453","501030","Kalaw Inle Lake trekking","6009","1","0000-00-00 00:00:00"
"1454","7032","Masai Mara Conservancy","6629","1","2015-05-14 00:00:00"
"1455","501035","Cañon del Colca","6019","1","0000-00-00 00:00:00"
"1456","501037","Ciudad de Arequipa","6019","1","0000-00-00 00:00:00"
"1457","501061","Mongar","6005","1","0000-00-00 00:00:00"
"1458","501063","Trashigang","6005","1","0000-00-00 00:00:00"
"1459","501065","Samdrup Jongkhar","6005","1","0000-00-00 00:00:00"
"1460","501085","Nay Pyi Daw","6009","1","0000-00-00 00:00:00"
"1461","501096","Baños","6589","1","0000-00-00 00:00:00"
"1462","501097","Riobamba","6589","1","0000-00-00 00:00:00"
"1463","501098","Cuenca","6589","1","0000-00-00 00:00:00"
"1464","501118","Mergui Archipel ","6009","1","0000-00-00 00:00:00"
"1465","501120","Trashiyangtse","6005","1","0000-00-00 00:00:00"
"1466","501135","Manaus","6017","1","0000-00-00 00:00:00"
"1467","501139","Salvador de Bahia","6017","1","0000-00-00 00:00:00"
"1468","501147","Molinos","6016","1","0000-00-00 00:00:00"
"1469","7033","Botswana Mobile Safari","6734","1","2016-02-25 00:00:00"
"1470","501185","Kollam","6002","1","0000-00-00 00:00:00"
"1471","6231","Bangladesh","6004","1","2016-02-02 12:58:23"
"1472","501234","Dhaka","6231","1","0000-00-00 00:00:00"
"1473","501240","Long Hai","6015","1","0000-00-00 00:00:00"
"1474","501247","Iquique","6018","1","0000-00-00 00:00:00"
"1475","501248","Arica","6018","1","0000-00-00 00:00:00"
"1476","501250","Putre","6018","1","0000-00-00 00:00:00"
"1477","501272","Naralai","6002","1","0000-00-00 00:00:00"
"1478","501276","Nagaur","6002","1","0000-00-00 00:00:00"
"1479","501285","Puyuhuapi","6018","1","0000-00-00 00:00:00"
"1480","501290","Dhaka","6231","1","0000-00-00 00:00:00"
"1481","501310","Manaus","6017","1","0000-00-00 00:00:00"
"1482","501350","Fernando de Noronha","6017","1","0000-00-00 00:00:00"
"1483","501355","Manaus","6017","1","0000-00-00 00:00:00"
"1484","501367","Mandawa","6002","1","0000-00-00 00:00:00"
"1485","501386","Napo River Cruise","6589","1","0000-00-00 00:00:00"
"1486","501415","Port Alfred","6732","1","0000-00-00 00:00:00"
"1487","501418","San Javier","6016","1","0000-00-00 00:00:00"
"1488","501419","San Javier","6016","1","0000-00-00 00:00:00"
"1489","501424","Napo River","6589","1","0000-00-00 00:00:00"
"1490","501430","Mount Kenya","6629","1","0000-00-00 00:00:00"
"1491","501431","Mt Kenya","6629","1","0000-00-00 00:00:00"
"1492","501443","Phurping","6010","1","0000-00-00 00:00:00"
"1493","501445","Lumbini","6010","1","0000-00-00 00:00:00"
"1494","501448","Phurping","6010","1","0000-00-00 00:00:00"
"1495","501449","Mandawa","6002","1","0000-00-00 00:00:00"
"1496","501452","Lumbini","6010","1","0000-00-00 00:00:00"
"1497","501459","Napo River","6589","1","0000-00-00 00:00:00"
"1498","7034","Kruger Central","6732","1","2016-03-24 00:00:00"
"1499","501487","Luni","6002","1","0000-00-00 00:00:00"
"1500","501493","San Clemente","6589","1","0000-00-00 00:00:00"
"1501","501534","Kruger North","6732","1","0000-00-00 00:00:00"
"1502","501546","Night Bus Peru","6019","1","0000-00-00 00:00:00"
"1503","501578","Weligama","6012","1","0000-00-00 00:00:00"
"1504","501580","Weligama","6012","1","0000-00-00 00:00:00"
"1505","501581","Aliwal North","6732","1","0000-00-00 00:00:00"
"1506","501591","Lumbini","6010","1","0000-00-00 00:00:00"
"1507","501612","Dong Hoi","6015","1","0000-00-00 00:00:00"
"1508","501615","Quang Binh","6015","1","0000-00-00 00:00:00"
"1509","7035","Port Alfred","6732","1","2016-04-12 00:00:00"
"1510","7036","Bloemfontein","6732","1","2016-04-12 00:00:00"
"1511","501640","Shillong","6002","1","0000-00-00 00:00:00"
"1512","501659","Kruger Central","6732","1","0000-00-00 00:00:00"
"1513","501669","Manaus","6017","1","0000-00-00 00:00:00"
"1514","501674","Night train","6015","1","0000-00-00 00:00:00"
"1515","501684","Napo River","6589","1","0000-00-00 00:00:00"
"1516","501685","Napo River","6589","1","0000-00-00 00:00:00"
"1517","501705","Manaus","6017","1","0000-00-00 00:00:00"
"1518","501716","Dong Hoi","6015","1","0000-00-00 00:00:00"
"1519","501718","Quang Binh","6015","1","0000-00-00 00:00:00"
"1520","501725","Quang Binh","6015","1","0000-00-00 00:00:00"
"1521","501727","Koh Chang","6013","1","0000-00-00 00:00:00"
"1522","501755","Kruger Central","6732","1","0000-00-00 00:00:00"
"1523","501759","Pietermaritzburg","6732","1","0000-00-00 00:00:00"
"1524","501761","Aquila Game Reserve ","6732","1","0000-00-00 00:00:00"
"1525","501770","Tena","6589","1","0000-00-00 00:00:00"
"1526","501789","Pilanesberg National Park","6732","1","0000-00-00 00:00:00"
"1527","501796","Kuala Lumpur ","7015","1","0000-00-00 00:00:00"
"1528","7037","Eastern Caprivi","6783","1","2016-04-25 11:12:17"
"1529","7038","San Juan","6016","1","2016-04-25 11:12:17"
"1530","501832","La Serena","6018","1","0000-00-00 00:00:00"
"1531","501840","Kruger Central","6732","1","0000-00-00 00:00:00"
"1532","501854","Portillo","6018","1","0000-00-00 00:00:00"
"1533","501869","Zapallar","6018","1","0000-00-00 00:00:00"
"1534","501877","Napo River","6589","1","0000-00-00 00:00:00"
"1535","501890","Salvador de Bahia","6017","1","0000-00-00 00:00:00"
"1536","501903","Udawalawe","6012","1","0000-00-00 00:00:00"
"1537","501908","Kruger Central","6732","1","0000-00-00 00:00:00"
"1538","501913","Manaus","6016","1","0000-00-00 00:00:00"
"1539","501931","Kruger Central","6732","1","0000-00-00 00:00:00"
"1540","501940","Kruger Central","6732","1","0000-00-00 00:00:00"
"1541","501944","Manaus","6017","1","0000-00-00 00:00:00"
"1542","501952","Manaus","6017","1","0000-00-00 00:00:00"
"1543","501959","Salvador de Bahia","6017","1","0000-00-00 00:00:00"
"1544","501976","Banos","6589","1","0000-00-00 00:00:00"
"1545","501980","Brasilia","6017","1","0000-00-00 00:00:00"
"1546","501990","Test Kep - City","6016","1","0000-00-00 00:00:00"
"1547","502000","Udawalawe","6012","1","0000-00-00 00:00:00"
"1548","502006","Tupiza","6577","1","0000-00-00 00:00:00"
"1549","502013","Pollachi","6002","1","0000-00-00 00:00:00"
"1550","502042","Dong Hoi","6015","1","0000-00-00 00:00:00"
"1551","502078","Haa Valley","6005","1","0000-00-00 00:00:00"
"1552","502094","Pollachi","6002","1","0000-00-00 00:00:00"
"1553","502099","Manaus","6017","1","0000-00-00 00:00:00"
"1554","502142","Kruger Central","6016","1","0000-00-00 00:00:00"
"1555","502161","Hong Kong","6604","1","0000-00-00 00:00:00"
"1556","502164","Beijing","6604","1","0000-00-00 00:00:00"
"1557","502177","Kruger Central","6732","1","0000-00-00 00:00:00"
"1558","502210","Gili Meno","7015","1","0000-00-00 00:00:00"
"1559","502224","Udawalawe","6012","1","0000-00-00 00:00:00"
"1560","502225","Paternoster","6016","1","0000-00-00 00:00:00"
"1561","502257","Hin Boun ","6007","1","0000-00-00 00:00:00"
"1562","502272","Kannur","6002","1","0000-00-00 00:00:00"
"1563","502276","Thiruvannamalai","6002","1","0000-00-00 00:00:00"
"1564","502295","Thrissur","6002","1","0000-00-00 00:00:00"
"1565","502298","Thrissur","6002","1","0000-00-00 00:00:00"
"1566","502306","Mae Tang","6013","1","0000-00-00 00:00:00"
"1567","502353","Los Ángeles","6018","1","0000-00-00 00:00:00"
"1568","502364","Kep Test","6006","1","0000-00-00 00:00:00"
"1569","502369","Hong Kong","6604","1","0000-00-00 00:00:00"
"1570","502375","Pollachi","6002","1","0000-00-00 00:00:00"
"1571","502383","Manaus","6017","1","0000-00-00 00:00:00"
"1572","502396","Nay Pyi Daw","6009","1","0000-00-00 00:00:00"
"1573","502412","Otovalo","6589","1","0000-00-00 00:00:00"
"1574","502416","Coca","6589","1","0000-00-00 00:00:00"
"1575","502422","Banos","6589","1","0000-00-00 00:00:00"
"1576","502427","Riobamba","6589","1","0000-00-00 00:00:00"
"1577","502431","Cuenca","6589","1","0000-00-00 00:00:00"
"1578","502450","Mannar","6012","1","0000-00-00 00:00:00"
"1579","502452","Jaffna","6012","1","0000-00-00 00:00:00"
"1580","7039","Haa Valley","6005","1","2016-06-08 00:00:00"
"1581","502519","Bhamo","6009","1","0000-00-00 00:00:00"
"1582","502526","Napo River","6589","1","0000-00-00 00:00:00"
"1583","502529","Jakarta","7015","1","0000-00-00 00:00:00"
"1584","502540","Mirissa","6012","1","0000-00-00 00:00:00"
"1585","502544","Lombok","7015","1","0000-00-00 00:00:00"
"1586","502546","Tirupati","6002","1","0000-00-00 00:00:00"
"1587","502574","Bhamo","6009","1","0000-00-00 00:00:00"
"1588","502577","Paternoster","6016","1","0000-00-00 00:00:00"
"1589","502589","Bhamo","6009","1","0000-00-00 00:00:00"
"1590","502613","Pietermaritzburg","6016","1","0000-00-00 00:00:00"
"1591","502625","Hong Kong","6604","1","0000-00-00 00:00:00"
"1592","502682","Pollachi","6002","1","0000-00-00 00:00:00"
"1593","502708","Kushinagar","6002","1","0000-00-00 00:00:00"
"1594","6011","Singapore","6004","1","2016-06-29 18:30:00"
"1595","7041","Indonesia","6004","1","0000-00-00 00:00:00"
"1596","7042","Bali, Seminyak","7041","1","0000-00-00 00:00:00"
"1597","7043","Bali, Sanur","7041","1","0000-00-00 00:00:00"
"1598","7044","Ubud","7041","1","0000-00-00 00:00:00"
"1599","7045","Candidasa","7041","1","0000-00-00 00:00:00"
"1600","7046","Munduk","7041","1","0000-00-00 00:00:00"
"1601","7047","Pemuteran","7041","1","0000-00-00 00:00:00"
"1602","7048","Yogyakarta","7041","1","0000-00-00 00:00:00"
"1603","7049","Mt.Bromo","7041","1","0000-00-00 00:00:00"
"1604","7050","Blitar","7041","1","0000-00-00 00:00:00"
"1605","7051","Solo","7041","1","0000-00-00 00:00:00"
"1606","7052","Malang","7041","1","0000-00-00 00:00:00"
"1607","7053","Ijen","7041","1","0000-00-00 00:00:00"
"1608","7054","Kalibaru","7041","1","0000-00-00 00:00:00"
"1609","7055","Borobodur","7041","1","0000-00-00 00:00:00"
"1610","7056","Gili Trawangan","7041","1","0000-00-00 00:00:00"
"1611","7057","Gili Meno","7041","1","0000-00-00 00:00:00"
"1612","7058","Lombok","7041","1","0000-00-00 00:00:00"
"1613","7059","Westbali National park","7041","1","0000-00-00 00:00:00"
"1614","502728","Somnath","6002","1","0000-00-00 00:00:00"
"1615","502731","Dwarka","6002","1","0000-00-00 00:00:00"
"1616","502734","Jamnagar","6002","1","0000-00-00 00:00:00"
"1617","7060","Surabaya","7041","1","0000-00-00 00:00:00"
"1618","7061","Jakarta","7041","1","0000-00-00 00:00:00"
"1619","7062","Denpasar","7041","1","0000-00-00 00:00:00"
"1620","7063","Mojokerto","7041","1","0000-00-00 00:00:00"
"1621","7065","Rovos Rail (Cape Town - Victoria Falls)","6732","1","0000-00-00 00:00:00"
"1622","7066","Rovos Rail (Victoria Falls-Cape Town)","6732","1","0000-00-00 00:00:00"
"1623","502746","Dong Hoi","6015","1","0000-00-00 00:00:00"
"1624","502747","Quang Binh","6015","1","0000-00-00 00:00:00"
"1625","502756"," Koh Kho Khao","6013","1","0000-00-00 00:00:00"
"1626","502773","Weligama","6012","1","0000-00-00 00:00:00"
"1627","502785","Mirissa","6012","1","0000-00-00 00:00:00"
"1628","502821","Pollachi","6002","1","0000-00-00 00:00:00"
"1629","502830","Pollachi","6002","1","0000-00-00 00:00:00"
"1630","502857","Hsipaw Trekking","6009","1","0000-00-00 00:00:00"
"1631","502886","Weligama","6012","1","0000-00-00 00:00:00"
"1632","502893","Surat","6002","1","0000-00-00 00:00:00"
"1633","502921","Self Organised - Siem Reap","6006","1","0000-00-00 00:00:00"
"1634","502922","Self Organised - Phuket","6013","1","0000-00-00 00:00:00"
"1635","502923","Self Organised -Delhi","6002","1","0000-00-00 00:00:00"
"1636","502934","Hong Kong","6604","1","0000-00-00 00:00:00"
"1637","502974","Hong Kong","6604","1","0000-00-00 00:00:00"
"1638","502986","Hong Kong","6604","1","0000-00-00 00:00:00"
"1639","503060","Nay Pyi Daw","6009","1","0000-00-00 00:00:00"
"1640","503063","Bhamo","6009","1","0000-00-00 00:00:00"
"1641","503067","Mongar","6005","1","0000-00-00 00:00:00"
"1642","503071","Trashigang","6005","1","0000-00-00 00:00:00"
"1643","503076","Samdrup Jongkhar","6005","1","0000-00-00 00:00:00"
"1644","503077","Samdrup Jongkhar","6005","1","0000-00-00 00:00:00"
"1645","503098","Trashiyangtse","6005","1","0000-00-00 00:00:00"
"1646","503115","Kollam","6002","1","0000-00-00 00:00:00"
"1647","503125","Molinos","6016","1","0000-00-00 00:00:00"
"1648","503132","Salvador de Bahia","6017","1","0000-00-00 00:00:00"
"1649","503143","Zapallar","6018","1","0000-00-00 00:00:00"
"1650","503242","Vijayawada","6002","1","0000-00-00 00:00:00"
"1651","503256","Sunderbans","6002","1","0000-00-00 00:00:00"
"1652","503295","Hong Kong","7015","1","0000-00-00 00:00:00"
"1653","503297","Manaus","6017","1","0000-00-00 00:00:00"
"1654","503341","San Javier","6577","1","0000-00-00 00:00:00"
"1655","503350","Hong Kong","7015","1","0000-00-00 00:00:00"
"1656","503360","Napo River","6589","1","0000-00-00 00:00:00"
"1657","503366","Cuiaba","6017","1","0000-00-00 00:00:00"
"1658","503372","Manaus","6017","1","0000-00-00 00:00:00"
"1659","503383","Ilheus","6017","1","0000-00-00 00:00:00"
"1660","503389","Itacaré","6017","1","0000-00-00 00:00:00"
"1661","503423","Pollachi","6002","1","0000-00-00 00:00:00"
"1662","503509","Dasada","6002","1","0000-00-00 00:00:00"
"1663","503511","Kompong Thom","6006","1","0000-00-00 00:00:00"
"1664","503512","Golden Chariot","6002","1","0000-00-00 00:00:00"
"1665","503514","Kratie","6006","1","0000-00-00 00:00:00"
"1666","503532","Aliwal North","6732","1","0000-00-00 00:00:00"
"1667","503566","Koh Phangan ","6013","1","0000-00-00 00:00:00"
"1668","503580","Mondulkiri","6006","1","0000-00-00 00:00:00"
"1669","503605","Weligama","6012","1","0000-00-00 00:00:00"
"1670","503607","Chhota Udepur","6002","1","0000-00-00 00:00:00"
"1671","503612","Saputara","6002","1","0000-00-00 00:00:00"
"1672","503622","Surat","6002","1","0000-00-00 00:00:00"
"1673","503631","Morogoro","6662","1","0000-00-00 00:00:00"
"1674","503650","New Jalpaigudi","6002","1","0000-00-00 00:00:00"
"1675","503652","Kurseong","6002","1","0000-00-00 00:00:00"
"1676","503665","Weligama","6012","1","0000-00-00 00:00:00"
"1677","503730","Udawalawe","6012","1","0000-00-00 00:00:00"
"1678","503762","Megui Archepelago","6009","1","0000-00-00 00:00:00"
"1679","503801","delhi test","6002","1","0000-00-00 00:00:00"
"1680","503850","Manaus","6017","1","0000-00-00 00:00:00"
"1681","503861","Manaus","6017","1","0000-00-00 00:00:00"
"1682","503866","Salvador de Bahia","6017","1","0000-00-00 00:00:00"
"1683","503909","Lumbini","6010","1","0000-00-00 00:00:00"
